
[2026-05-01 00:27:04] [Dispatcher]
System.Windows.Markup.XamlParseException: Provide value on 'System.Windows.Data.Binding' threw an exception.
 ---> System.InvalidOperationException: Two-way binding requires Path or XPath.
   at System.Windows.Data.BindingExpression.CreateBindingExpression(DependencyObject d, DependencyProperty dp, Binding binding, BindingExpressionBase parent)
   at System.Windows.Data.BindingBase.ProvideValue(IServiceProvider serviceProvider)
   at MS.Internal.Xaml.Runtime.ClrObjectRuntime.CallProvideValue(MarkupExtension me, IServiceProvider serviceProvider)
   --- End of inner exception stack trace ---
   at System.Windows.Markup.XamlReader.RewrapException(Exception e, IXamlLineInfo lineInfo, Uri baseUri)
   at System.Windows.Markup.XamlReader.RewrapException(Exception e, Uri baseUri)
   at System.Windows.FrameworkTemplate.LoadTemplateXaml(XamlReader templateReader, XamlObjectWriter currentWriter)
   at System.Windows.FrameworkTemplate.LoadOptimizedTemplateContent(DependencyObject container, IComponentConnector componentConnector, IStyleConnector styleConnector, List`1 affectedChildren, UncommonField`1 templatedNonFeChildrenField)
   at System.Windows.FrameworkTemplate.LoadContent(DependencyObject container, List`1 affectedChildren)
   at System.Windows.StyleHelper.ApplyTemplateContent(UncommonField`1 dataField, DependencyObject container, FrameworkElementFactory templateRoot, Int32 lastChildIndex, HybridDictionary childIndexFromChildID, FrameworkTemplate frameworkTemplate)
   at System.Windows.FrameworkTemplate.ApplyTemplateContent(UncommonField`1 templateDataField, FrameworkElement container)
   at System.Windows.FrameworkElement.ApplyTemplate()
   at System.Windows.FrameworkElement.MeasureCore(Size availableSize)
   at System.Windows.UIElement.Measure(Size availableSize)
   at System.Windows.Controls.StackPanel.StackMeasureHelper(IStackMeasure measureElement, IStackMeasureScrollData scrollData, Size constraint)
   at System.Windows.Controls.StackPanel.MeasureOverride(Size constraint)
   at System.Windows.FrameworkElement.MeasureCore(Size availableSize)
   at System.Windows.UIElement.Measure(Size availableSize)
   at MS.Internal.Helper.MeasureElementWithSingleChild(UIElement element, Size constraint)
   at System.Windows.FrameworkElement.MeasureCore(Size availableSize)
   at System.Windows.UIElement.Measure(Size availableSize)
   at MS.Internal.Helper.MeasureElementWithSingleChild(UIElement element, Size constraint)
   at System.Windows.Controls.ScrollContentPresenter.MeasureOverride(Size constraint)
   at System.Windows.FrameworkElement.MeasureCore(Size availableSize)
   at System.Windows.UIElement.Measure(Size availableSize)
   at System.Windows.Controls.Grid.MeasureCell(Int32 cell, Boolean forceInfinityV)
   at System.Windows.Controls.Grid.MeasureCellsGroup(Int32 cellsHead, Size referenceSize, Boolean ignoreDesiredSizeU, Boolean forceInfinityV, Boolean& hasDesiredSizeUChanged)
   at System.Windows.Controls.Grid.MeasureOverride(Size constraint)
   at System.Windows.FrameworkElement.MeasureCore(Size availableSize)
   at System.Windows.UIElement.Measure(Size availableSize)
   at System.Windows.Controls.ScrollViewer.MeasureOverride(Size constraint)
   at System.Windows.FrameworkElement.MeasureCore(Size availableSize)
   at System.Windows.UIElement.Measure(Size availableSize)
   at System.Windows.Controls.Border.MeasureOverride(Size constraint)
   at System.Windows.FrameworkElement.MeasureCore(Size availableSize)
   at System.Windows.UIElement.Measure(Size availableSize)
   at System.Windows.Controls.Control.MeasureOverride(Size constraint)
   at System.Windows.Controls.DataGrid.MeasureOverride(Size availableSize)
   at System.Windows.FrameworkElement.MeasureCore(Size availableSize)
   at System.Windows.UIElement.Measure(Size availableSize)
   at System.Windows.Controls.Grid.MeasureCell(Int32 cell, Boolean forceInfinityV)
   at System.Windows.Controls.Grid.MeasureCellsGroup(Int32 cellsHead, Size referenceSize, Boolean ignoreDesiredSizeU, Boolean forceInfinityV, Boolean& hasDesiredSizeUChanged)
   at System.Windows.Controls.Grid.MeasureOverride(Size constraint)
   at System.Windows.FrameworkElement.MeasureCore(Size availableSize)
   at System.Windows.UIElement.Measure(Size availableSize)
   at MS.Internal.Helper.MeasureElementWithSingleChild(UIElement element, Size constraint)
   at System.Windows.FrameworkElement.MeasureCore(Size availableSize)
   at System.Windows.UIElement.Measure(Size availableSize)
   at System.Windows.Controls.Border.MeasureOverride(Size constraint)
   at System.Windows.FrameworkElement.MeasureCore(Size availableSize)
   at System.Windows.UIElement.Measure(Size availableSize)
   at System.Windows.Controls.Control.MeasureOverride(Size constraint)
   at System.Windows.FrameworkElement.MeasureCore(Size availableSize)
   at System.Windows.UIElement.Measure(Size availableSize)
   at MS.Internal.Helper.MeasureElementWithSingleChild(UIElement element, Size constraint)
   at System.Windows.FrameworkElement.MeasureCore(Size availableSize)
   at System.Windows.UIElement.Measure(Size availableSize)
   at System.Windows.ContextLayoutManager.UpdateLayout()
   at System.Windows.ContextLayoutManager.UpdateLayoutCallback(Object arg)
   at System.Windows.Media.MediaContext.FireInvokeOnRenderCallbacks()
   at System.Windows.Media.MediaContext.RenderMessageHandlerCore(Object resizedCompositionTarget)
   at System.Windows.Media.MediaContext.RenderMessageHandler(Object resizedCompositionTarget)
   at System.Windows.Threading.ExceptionWrapper.InternalRealCall(Delegate callback, Object args, Int32 numArgs)
   at System.Windows.Threading.ExceptionWrapper.TryCatchWhen(Object source, Delegate callback, Object args, Int32 numArgs, Delegate catchHandler)

[2026-05-01 00:27:04] [Dispatcher]
System.Windows.Markup.XamlParseException: Provide value on 'System.Windows.Data.Binding' threw an exception.
 ---> System.InvalidOperationException: Two-way binding requires Path or XPath.
   at System.Windows.Data.BindingExpression.CreateBindingExpression(DependencyObject d, DependencyProperty dp, Binding binding, BindingExpressionBase parent)
   at System.Windows.Data.BindingBase.ProvideValue(IServiceProvider serviceProvider)
   at MS.Internal.Xaml.Runtime.ClrObjectRuntime.CallProvideValue(MarkupExtension me, IServiceProvider serviceProvider)
   --- End of inner exception stack trace ---
   at System.Windows.Markup.XamlReader.RewrapException(Exception e, IXamlLineInfo lineInfo, Uri baseUri)
   at System.Windows.Markup.XamlReader.RewrapException(Exception e, Uri baseUri)
   at System.Windows.FrameworkTemplate.LoadTemplateXaml(XamlReader templateReader, XamlObjectWriter currentWriter)
   at System.Windows.FrameworkTemplate.LoadOptimizedTemplateContent(DependencyObject container, IComponentConnector componentConnector, IStyleConnector styleConnector, List`1 affectedChildren, UncommonField`1 templatedNonFeChildrenField)
   at System.Windows.FrameworkTemplate.LoadContent(DependencyObject container, List`1 affectedChildren)
   at System.Windows.StyleHelper.ApplyTemplateContent(UncommonField`1 dataField, DependencyObject container, FrameworkElementFactory templateRoot, Int32 lastChildIndex, HybridDictionary childIndexFromChildID, FrameworkTemplate frameworkTemplate)
   at System.Windows.FrameworkTemplate.ApplyTemplateContent(UncommonField`1 templateDataField, FrameworkElement container)
   at System.Windows.FrameworkElement.ApplyTemplate()
   at System.Windows.FrameworkElement.MeasureCore(Size availableSize)
   at System.Windows.UIElement.Measure(Size availableSize)
   at System.Windows.Controls.StackPanel.StackMeasureHelper(IStackMeasure measureElement, IStackMeasureScrollData scrollData, Size constraint)
   at System.Windows.Controls.StackPanel.MeasureOverride(Size constraint)
   at System.Windows.FrameworkElement.MeasureCore(Size availableSize)
   at System.Windows.UIElement.Measure(Size availableSize)
   at MS.Internal.Helper.MeasureElementWithSingleChild(UIElement element, Size constraint)
   at System.Windows.FrameworkElement.MeasureCore(Size availableSize)
   at System.Windows.UIElement.Measure(Size availableSize)
   at MS.Internal.Helper.MeasureElementWithSingleChild(UIElement element, Size constraint)
   at System.Windows.Controls.ScrollContentPresenter.MeasureOverride(Size constraint)
   at System.Windows.FrameworkElement.MeasureCore(Size availableSize)
   at System.Windows.UIElement.Measure(Size availableSize)
   at System.Windows.Controls.Grid.MeasureCell(Int32 cell, Boolean forceInfinityV)
   at System.Windows.Controls.Grid.MeasureCellsGroup(Int32 cellsHead, Size referenceSize, Boolean ignoreDesiredSizeU, Boolean forceInfinityV, Boolean& hasDesiredSizeUChanged)
   at System.Windows.Controls.Grid.MeasureOverride(Size constraint)
   at System.Windows.FrameworkElement.MeasureCore(Size availableSize)
   at System.Windows.UIElement.Measure(Size availableSize)
   at System.Windows.Controls.ScrollViewer.MeasureOverride(Size constraint)
   at System.Windows.FrameworkElement.MeasureCore(Size availableSize)
   at System.Windows.UIElement.Measure(Size availableSize)
   at System.Windows.Controls.Border.MeasureOverride(Size constraint)
   at System.Windows.FrameworkElement.MeasureCore(Size availableSize)
   at System.Windows.UIElement.Measure(Size availableSize)
   at System.Windows.Controls.Control.MeasureOverride(Size constraint)
   at System.Windows.Controls.DataGrid.MeasureOverride(Size availableSize)
   at System.Windows.FrameworkElement.MeasureCore(Size availableSize)
   at System.Windows.UIElement.Measure(Size availableSize)
   at System.Windows.Controls.Grid.MeasureCell(Int32 cell, Boolean forceInfinityV)
   at System.Windows.Controls.Grid.MeasureCellsGroup(Int32 cellsHead, Size referenceSize, Boolean ignoreDesiredSizeU, Boolean forceInfinityV, Boolean& hasDesiredSizeUChanged)
   at System.Windows.Controls.Grid.MeasureOverride(Size constraint)
   at System.Windows.FrameworkElement.MeasureCore(Size availableSize)
   at System.Windows.UIElement.Measure(Size availableSize)
   at MS.Internal.Helper.MeasureElementWithSingleChild(UIElement element, Size constraint)
   at System.Windows.FrameworkElement.MeasureCore(Size availableSize)
   at System.Windows.UIElement.Measure(Size availableSize)
   at System.Windows.Controls.Border.MeasureOverride(Size constraint)
   at System.Windows.FrameworkElement.MeasureCore(Size availableSize)
   at System.Windows.UIElement.Measure(Size availableSize)
   at System.Windows.Controls.Control.MeasureOverride(Size constraint)
   at System.Windows.FrameworkElement.MeasureCore(Size availableSize)
   at System.Windows.UIElement.Measure(Size availableSize)
   at MS.Internal.Helper.MeasureElementWithSingleChild(UIElement element, Size constraint)
   at System.Windows.FrameworkElement.MeasureCore(Size availableSize)
   at System.Windows.UIElement.Measure(Size availableSize)
   at System.Windows.Controls.Border.MeasureOverride(Size constraint)
   at System.Windows.FrameworkElement.MeasureCore(Size availableSize)
   at System.Windows.UIElement.Measure(Size availableSize)
   at System.Windows.Controls.Grid.MeasureCell(Int32 cell, Boolean forceInfinityV)
   at System.Windows.Controls.Grid.MeasureCellsGroup(Int32 cellsHead, Size referenceSize, Boolean ignoreDesiredSizeU, Boolean forceInfinityV, Boolean& hasDesiredSizeUChanged)
   at System.Windows.Controls.Grid.MeasureOverride(Size constraint)
   at System.Windows.FrameworkElement.MeasureCore(Size availableSize)
   at System.Windows.UIElement.Measure(Size availableSize)
   at System.Windows.Controls.Control.MeasureOverride(Size constraint)
   at System.Windows.FrameworkElement.MeasureCore(Size availableSize)
   at System.Windows.UIElement.Measure(Size availableSize)
   at System.Windows.Controls.Grid.MeasureCell(Int32 cell, Boolean forceInfinityV)
   at System.Windows.Controls.Grid.MeasureCellsGroup(Int32 cellsHead, Size referenceSize, Boolean ignoreDesiredSizeU, Boolean forceInfinityV, Boolean& hasDesiredSizeUChanged)
   at System.Windows.Controls.Grid.MeasureOverride(Size constraint)
   at System.Windows.FrameworkElement.MeasureCore(Size availableSize)
   at System.Windows.UIElement.Measure(Size availableSize)
   at MS.Internal.Helper.MeasureElementWithSingleChild(UIElement element, Size constraint)
   at System.Windows.FrameworkElement.MeasureCore(Size availableSize)
   at System.Windows.UIElement.Measure(Size availableSize)
   at System.Windows.Controls.Decorator.MeasureOverride(Size constraint)
   at System.Windows.Documents.AdornerDecorator.MeasureOverride(Size constraint)
   at System.Windows.FrameworkElement.MeasureCore(Size availableSize)
   at System.Windows.UIElement.Measure(Size availableSize)
   at System.Windows.Controls.Border.MeasureOverride(Size constraint)
   at System.Windows.FrameworkElement.MeasureCore(Size availableSize)
   at System.Windows.UIElement.Measure(Size availableSize)
   at System.Windows.Window.MeasureOverrideHelper(Size constraint)
   at System.Windows.Window.MeasureOverride(Size availableSize)
   at System.Windows.FrameworkElement.MeasureCore(Size availableSize)
   at System.Windows.UIElement.Measure(Size availableSize)
   at System.Windows.ContextLayoutManager.UpdateLayout()
   at System.Windows.ContextLayoutManager.UpdateLayoutCallback(Object arg)
   at System.Windows.Media.MediaContext.FireInvokeOnRenderCallbacks()
   at System.Windows.Media.MediaContext.RenderMessageHandlerCore(Object resizedCompositionTarget)
   at System.Windows.Media.MediaContext.RenderMessageHandler(Object resizedCompositionTarget)
   at System.Windows.Threading.ExceptionWrapper.InternalRealCall(Delegate callback, Object args, Int32 numArgs)
   at System.Windows.Threading.ExceptionWrapper.TryCatchWhen(Object source, Delegate callback, Object args, Int32 numArgs, Delegate catchHandler)

[2026-05-01 00:27:04] [Dispatcher]
System.Windows.Markup.XamlParseException: Provide value on 'System.Windows.Data.Binding' threw an exception.
 ---> System.InvalidOperationException: Two-way binding requires Path or XPath.
   at System.Windows.Data.BindingExpression.CreateBindingExpression(DependencyObject d, DependencyProperty dp, Binding binding, BindingExpressionBase parent)
   at System.Windows.Data.BindingBase.ProvideValue(IServiceProvider serviceProvider)
   at MS.Internal.Xaml.Runtime.ClrObjectRuntime.CallProvideValue(MarkupExtension me, IServiceProvider serviceProvider)
   --- End of inner exception stack trace ---
   at System.Windows.Markup.XamlReader.RewrapException(Exception e, IXamlLineInfo lineInfo, Uri baseUri)
   at System.Windows.Markup.XamlReader.RewrapException(Exception e, Uri baseUri)
   at System.Windows.FrameworkTemplate.LoadTemplateXaml(XamlReader templateReader, XamlObjectWriter currentWriter)
   at System.Windows.FrameworkTemplate.LoadOptimizedTemplateContent(DependencyObject container, IComponentConnector componentConnector, IStyleConnector styleConnector, List`1 affectedChildren, UncommonField`1 templatedNonFeChildrenField)
   at System.Windows.FrameworkTemplate.LoadContent(DependencyObject container, List`1 affectedChildren)
   at System.Windows.StyleHelper.ApplyTemplateContent(UncommonField`1 dataField, DependencyObject container, FrameworkElementFactory templateRoot, Int32 lastChildIndex, HybridDictionary childIndexFromChildID, FrameworkTemplate frameworkTemplate)
   at System.Windows.FrameworkTemplate.ApplyTemplateContent(UncommonField`1 templateDataField, FrameworkElement container)
   at System.Windows.FrameworkElement.ApplyTemplate()
   at System.Windows.FrameworkElement.MeasureCore(Size availableSize)
   at System.Windows.UIElement.Measure(Size availableSize)
   at System.Windows.Controls.StackPanel.StackMeasureHelper(IStackMeasure measureElement, IStackMeasureScrollData scrollData, Size constraint)
   at System.Windows.Controls.StackPanel.MeasureOverride(Size constraint)
   at System.Windows.FrameworkElement.MeasureCore(Size availableSize)
   at System.Windows.UIElement.Measure(Size availableSize)
   at MS.Internal.Helper.MeasureElementWithSingleChild(UIElement element, Size constraint)
   at System.Windows.FrameworkElement.MeasureCore(Size availableSize)
   at System.Windows.UIElement.Measure(Size availableSize)
   at MS.Internal.Helper.MeasureElementWithSingleChild(UIElement element, Size constraint)
   at System.Windows.Controls.ScrollContentPresenter.MeasureOverride(Size constraint)
   at System.Windows.FrameworkElement.MeasureCore(Size availableSize)
   at System.Windows.UIElement.Measure(Size availableSize)
   at System.Windows.Controls.Grid.MeasureCell(Int32 cell, Boolean forceInfinityV)
   at System.Windows.Controls.Grid.MeasureCellsGroup(Int32 cellsHead, Size referenceSize, Boolean ignoreDesiredSizeU, Boolean forceInfinityV, Boolean& hasDesiredSizeUChanged)
   at System.Windows.Controls.Grid.MeasureOverride(Size constraint)
   at System.Windows.FrameworkElement.MeasureCore(Size availableSize)
   at System.Windows.UIElement.Measure(Size availableSize)
   at System.Windows.Controls.ScrollViewer.MeasureOverride(Size constraint)
   at System.Windows.FrameworkElement.MeasureCore(Size availableSize)
   at System.Windows.UIElement.Measure(Size availableSize)
   at System.Windows.Controls.Border.MeasureOverride(Size constraint)
   at System.Windows.FrameworkElement.MeasureCore(Size availableSize)
   at System.Windows.UIElement.Measure(Size availableSize)
   at System.Windows.Controls.Control.MeasureOverride(Size constraint)
   at System.Windows.Controls.DataGrid.MeasureOverride(Size availableSize)
   at System.Windows.FrameworkElement.MeasureCore(Size availableSize)
   at System.Windows.UIElement.Measure(Size availableSize)
   at System.Windows.Controls.Grid.MeasureCell(Int32 cell, Boolean forceInfinityV)
   at System.Windows.Controls.Grid.MeasureCellsGroup(Int32 cellsHead, Size referenceSize, Boolean ignoreDesiredSizeU, Boolean forceInfinityV, Boolean& hasDesiredSizeUChanged)
   at System.Windows.Controls.Grid.MeasureOverride(Size constraint)
   at System.Windows.FrameworkElement.MeasureCore(Size availableSize)
   at System.Windows.UIElement.Measure(Size availableSize)
   at MS.Internal.Helper.MeasureElementWithSingleChild(UIElement element, Size constraint)
   at System.Windows.FrameworkElement.MeasureCore(Size availableSize)
   at System.Windows.UIElement.Measure(Size availableSize)
   at System.Windows.Controls.Border.MeasureOverride(Size constraint)
   at System.Windows.FrameworkElement.MeasureCore(Size availableSize)
   at System.Windows.UIElement.Measure(Size availableSize)
   at System.Windows.Controls.Control.MeasureOverride(Size constraint)
   at System.Windows.FrameworkElement.MeasureCore(Size availableSize)
   at System.Windows.UIElement.Measure(Size availableSize)
   at MS.Internal.Helper.MeasureElementWithSingleChild(UIElement element, Size constraint)
   at System.Windows.FrameworkElement.MeasureCore(Size availableSize)
   at System.Windows.UIElement.Measure(Size availableSize)
   at System.Windows.Controls.Border.MeasureOverride(Size constraint)
   at System.Windows.FrameworkElement.MeasureCore(Size availableSize)
   at System.Windows.UIElement.Measure(Size availableSize)
   at System.Windows.Controls.Grid.MeasureCell(Int32 cell, Boolean forceInfinityV)
   at System.Windows.Controls.Grid.MeasureCellsGroup(Int32 cellsHead, Size referenceSize, Boolean ignoreDesiredSizeU, Boolean forceInfinityV, Boolean& hasDesiredSizeUChanged)
   at System.Windows.Controls.Grid.MeasureOverride(Size constraint)
   at System.Windows.FrameworkElement.MeasureCore(Size availableSize)
   at System.Windows.UIElement.Measure(Size availableSize)
   at System.Windows.Controls.Control.MeasureOverride(Size constraint)
   at System.Windows.FrameworkElement.MeasureCore(Size availableSize)
   at System.Windows.UIElement.Measure(Size availableSize)
   at System.Windows.Controls.Grid.MeasureCell(Int32 cell, Boolean forceInfinityV)
   at System.Windows.Controls.Grid.MeasureCellsGroup(Int32 cellsHead, Size referenceSize, Boolean ignoreDesiredSizeU, Boolean forceInfinityV, Boolean& hasDesiredSizeUChanged)
   at System.Windows.Controls.Grid.MeasureOverride(Size constraint)
   at System.Windows.FrameworkElement.MeasureCore(Size availableSize)
   at System.Windows.UIElement.Measure(Size availableSize)
   at MS.Internal.Helper.MeasureElementWithSingleChild(UIElement element, Size constraint)
   at System.Windows.FrameworkElement.MeasureCore(Size availableSize)
   at System.Windows.UIElement.Measure(Size availableSize)
   at System.Windows.Controls.Decorator.MeasureOverride(Size constraint)
   at System.Windows.Documents.AdornerDecorator.MeasureOverride(Size constraint)
   at System.Windows.FrameworkElement.MeasureCore(Size availableSize)
   at System.Windows.UIElement.Measure(Size availableSize)
   at System.Windows.Controls.Border.MeasureOverride(Size constraint)
   at System.Windows.FrameworkElement.MeasureCore(Size availableSize)
   at System.Windows.UIElement.Measure(Size availableSize)
   at System.Windows.Window.MeasureOverrideHelper(Size constraint)
   at System.Windows.Window.MeasureOverride(Size availableSize)
   at System.Windows.FrameworkElement.MeasureCore(Size availableSize)
   at System.Windows.UIElement.Measure(Size availableSize)
   at System.Windows.ContextLayoutManager.UpdateLayout()
   at System.Windows.ContextLayoutManager.UpdateLayoutCallback(Object arg)
   at System.Windows.Media.MediaContext.FireInvokeOnRenderCallbacks()
   at System.Windows.Media.MediaContext.RenderMessageHandlerCore(Object resizedCompositionTarget)
   at System.Windows.Media.MediaContext.RenderMessageHandler(Object resizedCompositionTarget)
   at System.Windows.Threading.ExceptionWrapper.InternalRealCall(Delegate callback, Object args, Int32 numArgs)
   at System.Windows.Threading.ExceptionWrapper.TryCatchWhen(Object source, Delegate callback, Object args, Int32 numArgs, Delegate catchHandler)

[2026-05-01 00:27:04] [Dispatcher]
System.Windows.Markup.XamlParseException: Provide value on 'System.Windows.Data.Binding' threw an exception.
 ---> System.InvalidOperationException: Two-way binding requires Path or XPath.
   at System.Windows.Data.BindingExpression.CreateBindingExpression(DependencyObject d, DependencyProperty dp, Binding binding, BindingExpressionBase parent)
   at System.Windows.Data.BindingBase.ProvideValue(IServiceProvider serviceProvider)
   at MS.Internal.Xaml.Runtime.ClrObjectRuntime.CallProvideValue(MarkupExtension me, IServiceProvider serviceProvider)
   --- End of inner exception stack trace ---
   at System.Windows.Markup.XamlReader.RewrapException(Exception e, IXamlLineInfo lineInfo, Uri baseUri)
   at System.Windows.Markup.XamlReader.RewrapException(Exception e, Uri baseUri)
   at System.Windows.FrameworkTemplate.LoadTemplateXaml(XamlReader templateReader, XamlObjectWriter currentWriter)
   at System.Windows.FrameworkTemplate.LoadOptimizedTemplateContent(DependencyObject container, IComponentConnector componentConnector, IStyleConnector styleConnector, List`1 affectedChildren, UncommonField`1 templatedNonFeChildrenField)
   at System.Windows.FrameworkTemplate.LoadContent(DependencyObject container, List`1 affectedChildren)
   at System.Windows.StyleHelper.ApplyTemplateContent(UncommonField`1 dataField, DependencyObject container, FrameworkElementFactory templateRoot, Int32 lastChildIndex, HybridDictionary childIndexFromChildID, FrameworkTemplate frameworkTemplate)
   at System.Windows.FrameworkTemplate.ApplyTemplateContent(UncommonField`1 templateDataField, FrameworkElement container)
   at System.Windows.FrameworkElement.ApplyTemplate()
   at System.Windows.FrameworkElement.MeasureCore(Size availableSize)
   at System.Windows.UIElement.Measure(Size availableSize)
   at System.Windows.Controls.StackPanel.StackMeasureHelper(IStackMeasure measureElement, IStackMeasureScrollData scrollData, Size constraint)
   at System.Windows.Controls.StackPanel.MeasureOverride(Size constraint)
   at System.Windows.FrameworkElement.MeasureCore(Size availableSize)
   at System.Windows.UIElement.Measure(Size availableSize)
   at MS.Internal.Helper.MeasureElementWithSingleChild(UIElement element, Size constraint)
   at System.Windows.FrameworkElement.MeasureCore(Size availableSize)
   at System.Windows.UIElement.Measure(Size availableSize)
   at MS.Internal.Helper.MeasureElementWithSingleChild(UIElement element, Size constraint)
   at System.Windows.Controls.ScrollContentPresenter.MeasureOverride(Size constraint)
   at System.Windows.FrameworkElement.MeasureCore(Size availableSize)
   at System.Windows.UIElement.Measure(Size availableSize)
   at System.Windows.Controls.Grid.MeasureCell(Int32 cell, Boolean forceInfinityV)
   at System.Windows.Controls.Grid.MeasureCellsGroup(Int32 cellsHead, Size referenceSize, Boolean ignoreDesiredSizeU, Boolean forceInfinityV, Boolean& hasDesiredSizeUChanged)
   at System.Windows.Controls.Grid.MeasureOverride(Size constraint)
   at System.Windows.FrameworkElement.MeasureCore(Size availableSize)
   at System.Windows.UIElement.Measure(Size availableSize)
   at System.Windows.Controls.ScrollViewer.MeasureOverride(Size constraint)
   at System.Windows.FrameworkElement.MeasureCore(Size availableSize)
   at System.Windows.UIElement.Measure(Size availableSize)
   at System.Windows.Controls.Border.MeasureOverride(Size constraint)
   at System.Windows.FrameworkElement.MeasureCore(Size availableSize)
   at System.Windows.UIElement.Measure(Size availableSize)
   at System.Windows.Controls.Control.MeasureOverride(Size constraint)
   at System.Windows.Controls.DataGrid.MeasureOverride(Size availableSize)
   at System.Windows.FrameworkElement.MeasureCore(Size availableSize)
   at System.Windows.UIElement.Measure(Size availableSize)
   at System.Windows.Controls.Grid.MeasureCell(Int32 cell, Boolean forceInfinityV)
   at System.Windows.Controls.Grid.MeasureCellsGroup(Int32 cellsHead, Size referenceSize, Boolean ignoreDesiredSizeU, Boolean forceInfinityV, Boolean& hasDesiredSizeUChanged)
   at System.Windows.Controls.Grid.MeasureOverride(Size constraint)
   at System.Windows.FrameworkElement.MeasureCore(Size availableSize)
   at System.Windows.UIElement.Measure(Size availableSize)
   at MS.Internal.Helper.MeasureElementWithSingleChild(UIElement element, Size constraint)
   at System.Windows.FrameworkElement.MeasureCore(Size availableSize)
   at System.Windows.UIElement.Measure(Size availableSize)
   at System.Windows.Controls.Border.MeasureOverride(Size constraint)
   at System.Windows.FrameworkElement.MeasureCore(Size availableSize)
   at System.Windows.UIElement.Measure(Size availableSize)
   at System.Windows.Controls.Control.MeasureOverride(Size constraint)
   at System.Windows.FrameworkElement.MeasureCore(Size availableSize)
   at System.Windows.UIElement.Measure(Size availableSize)
   at MS.Internal.Helper.MeasureElementWithSingleChild(UIElement element, Size constraint)
   at System.Windows.FrameworkElement.MeasureCore(Size availableSize)
   at System.Windows.UIElement.Measure(Size availableSize)
   at System.Windows.Controls.Border.MeasureOverride(Size constraint)
   at System.Windows.FrameworkElement.MeasureCore(Size availableSize)
   at System.Windows.UIElement.Measure(Size availableSize)
   at System.Windows.Controls.Grid.MeasureCell(Int32 cell, Boolean forceInfinityV)
   at System.Windows.Controls.Grid.MeasureCellsGroup(Int32 cellsHead, Size referenceSize, Boolean ignoreDesiredSizeU, Boolean forceInfinityV, Boolean& hasDesiredSizeUChanged)
   at System.Windows.Controls.Grid.MeasureOverride(Size constraint)
   at System.Windows.FrameworkElement.MeasureCore(Size availableSize)
   at System.Windows.UIElement.Measure(Size availableSize)
   at System.Windows.Controls.Control.MeasureOverride(Size constraint)
   at System.Windows.FrameworkElement.MeasureCore(Size availableSize)
   at System.Windows.UIElement.Measure(Size availableSize)
   at System.Windows.Controls.Grid.MeasureCell(Int32 cell, Boolean forceInfinityV)
   at System.Windows.Controls.Grid.MeasureCellsGroup(Int32 cellsHead, Size referenceSize, Boolean ignoreDesiredSizeU, Boolean forceInfinityV, Boolean& hasDesiredSizeUChanged)
   at System.Windows.Controls.Grid.MeasureOverride(Size constraint)
   at System.Windows.FrameworkElement.MeasureCore(Size availableSize)
   at System.Windows.UIElement.Measure(Size availableSize)
   at MS.Internal.Helper.MeasureElementWithSingleChild(UIElement element, Size constraint)
   at System.Windows.FrameworkElement.MeasureCore(Size availableSize)
   at System.Windows.UIElement.Measure(Size availableSize)
   at System.Windows.Controls.Decorator.MeasureOverride(Size constraint)
   at System.Windows.Documents.AdornerDecorator.MeasureOverride(Size constraint)
   at System.Windows.FrameworkElement.MeasureCore(Size availableSize)
   at System.Windows.UIElement.Measure(Size availableSize)
   at System.Windows.Controls.Border.MeasureOverride(Size constraint)
   at System.Windows.FrameworkElement.MeasureCore(Size availableSize)
   at System.Windows.UIElement.Measure(Size availableSize)
   at System.Windows.Window.MeasureOverrideHelper(Size constraint)
   at System.Windows.Window.MeasureOverride(Size availableSize)
   at System.Windows.FrameworkElement.MeasureCore(Size availableSize)
   at System.Windows.UIElement.Measure(Size availableSize)
   at System.Windows.ContextLayoutManager.UpdateLayout()
   at System.Windows.ContextLayoutManager.UpdateLayoutCallback(Object arg)
   at System.Windows.Media.MediaContext.FireInvokeOnRenderCallbacks()
   at System.Windows.Media.MediaContext.RenderMessageHandlerCore(Object resizedCompositionTarget)
   at System.Windows.Media.MediaContext.RenderMessageHandler(Object resizedCompositionTarget)
   at System.Windows.Threading.ExceptionWrapper.InternalRealCall(Delegate callback, Object args, Int32 numArgs)
   at System.Windows.Threading.ExceptionWrapper.TryCatchWhen(Object source, Delegate callback, Object args, Int32 numArgs, Delegate catchHandler)

[2026-05-01 00:27:04] [Dispatcher]
System.Windows.Markup.XamlParseException: Provide value on 'System.Windows.Data.Binding' threw an exception.
 ---> System.InvalidOperationException: Two-way binding requires Path or XPath.
   at System.Windows.Data.BindingExpression.CreateBindingExpression(DependencyObject d, DependencyProperty dp, Binding binding, BindingExpressionBase parent)
   at System.Windows.Data.BindingBase.ProvideValue(IServiceProvider serviceProvider)
   at MS.Internal.Xaml.Runtime.ClrObjectRuntime.CallProvideValue(MarkupExtension me, IServiceProvider serviceProvider)
   --- End of inner exception stack trace ---
   at System.Windows.Markup.XamlReader.RewrapException(Exception e, IXamlLineInfo lineInfo, Uri baseUri)
   at System.Windows.Markup.XamlReader.RewrapException(Exception e, Uri baseUri)
   at System.Windows.FrameworkTemplate.LoadTemplateXaml(XamlReader templateReader, XamlObjectWriter currentWriter)
   at System.Windows.FrameworkTemplate.LoadOptimizedTemplateContent(DependencyObject container, IComponentConnector componentConnector, IStyleConnector styleConnector, List`1 affectedChildren, UncommonField`1 templatedNonFeChildrenField)
   at System.Windows.FrameworkTemplate.LoadContent(DependencyObject container, List`1 affectedChildren)
   at System.Windows.StyleHelper.ApplyTemplateContent(UncommonField`1 dataField, DependencyObject container, FrameworkElementFactory templateRoot, Int32 lastChildIndex, HybridDictionary childIndexFromChildID, FrameworkTemplate frameworkTemplate)
   at System.Windows.FrameworkTemplate.ApplyTemplateContent(UncommonField`1 templateDataField, FrameworkElement container)
   at System.Windows.FrameworkElement.ApplyTemplate()
   at System.Windows.FrameworkElement.MeasureCore(Size availableSize)
   at System.Windows.UIElement.Measure(Size availableSize)
   at System.Windows.Controls.StackPanel.StackMeasureHelper(IStackMeasure measureElement, IStackMeasureScrollData scrollData, Size constraint)
   at System.Windows.Controls.StackPanel.MeasureOverride(Size constraint)
   at System.Windows.FrameworkElement.MeasureCore(Size availableSize)
   at System.Windows.UIElement.Measure(Size availableSize)
   at MS.Internal.Helper.MeasureElementWithSingleChild(UIElement element, Size constraint)
   at System.Windows.FrameworkElement.MeasureCore(Size availableSize)
   at System.Windows.UIElement.Measure(Size availableSize)
   at MS.Internal.Helper.MeasureElementWithSingleChild(UIElement element, Size constraint)
   at System.Windows.Controls.ScrollContentPresenter.MeasureOverride(Size constraint)
   at System.Windows.FrameworkElement.MeasureCore(Size availableSize)
   at System.Windows.UIElement.Measure(Size availableSize)
   at System.Windows.Controls.Grid.MeasureCell(Int32 cell, Boolean forceInfinityV)
   at System.Windows.Controls.Grid.MeasureCellsGroup(Int32 cellsHead, Size referenceSize, Boolean ignoreDesiredSizeU, Boolean forceInfinityV, Boolean& hasDesiredSizeUChanged)
   at System.Windows.Controls.Grid.MeasureOverride(Size constraint)
   at System.Windows.FrameworkElement.MeasureCore(Size availableSize)
   at System.Windows.UIElement.Measure(Size availableSize)
   at System.Windows.Controls.ScrollViewer.MeasureOverride(Size constraint)
   at System.Windows.FrameworkElement.MeasureCore(Size availableSize)
   at System.Windows.UIElement.Measure(Size availableSize)
   at System.Windows.Controls.Border.MeasureOverride(Size constraint)
   at System.Windows.FrameworkElement.MeasureCore(Size availableSize)
   at System.Windows.UIElement.Measure(Size availableSize)
   at System.Windows.Controls.Control.MeasureOverride(Size constraint)
   at System.Windows.Controls.DataGrid.MeasureOverride(Size availableSize)
   at System.Windows.FrameworkElement.MeasureCore(Size availableSize)
   at System.Windows.UIElement.Measure(Size availableSize)
   at System.Windows.Controls.Grid.MeasureCell(Int32 cell, Boolean forceInfinityV)
   at System.Windows.Controls.Grid.MeasureCellsGroup(Int32 cellsHead, Size referenceSize, Boolean ignoreDesiredSizeU, Boolean forceInfinityV, Boolean& hasDesiredSizeUChanged)
   at System.Windows.Controls.Grid.MeasureOverride(Size constraint)
   at System.Windows.FrameworkElement.MeasureCore(Size availableSize)
   at System.Windows.UIElement.Measure(Size availableSize)
   at MS.Internal.Helper.MeasureElementWithSingleChild(UIElement element, Size constraint)
   at System.Windows.FrameworkElement.MeasureCore(Size availableSize)
   at System.Windows.UIElement.Measure(Size availableSize)
   at System.Windows.Controls.Border.MeasureOverride(Size constraint)
   at System.Windows.FrameworkElement.MeasureCore(Size availableSize)
   at System.Windows.UIElement.Measure(Size availableSize)
   at System.Windows.Controls.Control.MeasureOverride(Size constraint)
   at System.Windows.FrameworkElement.MeasureCore(Size availableSize)
   at System.Windows.UIElement.Measure(Size availableSize)
   at MS.Internal.Helper.MeasureElementWithSingleChild(UIElement element, Size constraint)
   at System.Windows.FrameworkElement.MeasureCore(Size availableSize)
   at System.Windows.UIElement.Measure(Size availableSize)
   at System.Windows.Controls.Border.MeasureOverride(Size constraint)
   at System.Windows.FrameworkElement.MeasureCore(Size availableSize)
   at System.Windows.UIElement.Measure(Size availableSize)
   at System.Windows.Controls.Grid.MeasureCell(Int32 cell, Boolean forceInfinityV)
   at System.Windows.Controls.Grid.MeasureCellsGroup(Int32 cellsHead, Size referenceSize, Boolean ignoreDesiredSizeU, Boolean forceInfinityV, Boolean& hasDesiredSizeUChanged)
   at System.Windows.Controls.Grid.MeasureOverride(Size constraint)
   at System.Windows.FrameworkElement.MeasureCore(Size availableSize)
   at System.Windows.UIElement.Measure(Size availableSize)
   at System.Windows.Controls.Control.MeasureOverride(Size constraint)
   at System.Windows.FrameworkElement.MeasureCore(Size availableSize)
   at System.Windows.UIElement.Measure(Size availableSize)
   at System.Windows.Controls.Grid.MeasureCell(Int32 cell, Boolean forceInfinityV)
   at System.Windows.Controls.Grid.MeasureCellsGroup(Int32 cellsHead, Size referenceSize, Boolean ignoreDesiredSizeU, Boolean forceInfinityV, Boolean& hasDesiredSizeUChanged)
   at System.Windows.Controls.Grid.MeasureOverride(Size constraint)
   at System.Windows.FrameworkElement.MeasureCore(Size availableSize)
   at System.Windows.UIElement.Measure(Size availableSize)
   at MS.Internal.Helper.MeasureElementWithSingleChild(UIElement element, Size constraint)
   at System.Windows.FrameworkElement.MeasureCore(Size availableSize)
   at System.Windows.UIElement.Measure(Size availableSize)
   at System.Windows.Controls.Decorator.MeasureOverride(Size constraint)
   at System.Windows.Documents.AdornerDecorator.MeasureOverride(Size constraint)
   at System.Windows.FrameworkElement.MeasureCore(Size availableSize)
   at System.Windows.UIElement.Measure(Size availableSize)
   at System.Windows.Controls.Border.MeasureOverride(Size constraint)
   at System.Windows.FrameworkElement.MeasureCore(Size availableSize)
   at System.Windows.UIElement.Measure(Size availableSize)
   at System.Windows.Window.MeasureOverrideHelper(Size constraint)
   at System.Windows.Window.MeasureOverride(Size availableSize)
   at System.Windows.FrameworkElement.MeasureCore(Size availableSize)
   at System.Windows.UIElement.Measure(Size availableSize)
   at System.Windows.ContextLayoutManager.UpdateLayout()
   at System.Windows.ContextLayoutManager.UpdateLayoutCallback(Object arg)
   at System.Windows.Media.MediaContext.FireInvokeOnRenderCallbacks()
   at System.Windows.Media.MediaContext.RenderMessageHandlerCore(Object resizedCompositionTarget)
   at System.Windows.Media.MediaContext.RenderMessageHandler(Object resizedCompositionTarget)
   at System.Windows.Threading.ExceptionWrapper.InternalRealCall(Delegate callback, Object args, Int32 numArgs)
   at System.Windows.Threading.ExceptionWrapper.TryCatchWhen(Object source, Delegate callback, Object args, Int32 numArgs, Delegate catchHandler)

[2026-05-01 00:27:04] [Dispatcher]
System.Windows.Markup.XamlParseException: Provide value on 'System.Windows.Data.Binding' threw an exception.
 ---> System.InvalidOperationException: Two-way binding requires Path or XPath.
   at System.Windows.Data.BindingExpression.CreateBindingExpression(DependencyObject d, DependencyProperty dp, Binding binding, BindingExpressionBase parent)
   at System.Windows.Data.BindingBase.ProvideValue(IServiceProvider serviceProvider)
   at MS.Internal.Xaml.Runtime.ClrObjectRuntime.CallProvideValue(MarkupExtension me, IServiceProvider serviceProvider)
   --- End of inner exception stack trace ---
   at System.Windows.Markup.XamlReader.RewrapException(Exception e, IXamlLineInfo lineInfo, Uri baseUri)
   at System.Windows.Markup.XamlReader.RewrapException(Exception e, Uri baseUri)
   at System.Windows.FrameworkTemplate.LoadTemplateXaml(XamlReader templateReader, XamlObjectWriter currentWriter)
   at System.Windows.FrameworkTemplate.LoadOptimizedTemplateContent(DependencyObject container, IComponentConnector componentConnector, IStyleConnector styleConnector, List`1 affectedChildren, UncommonField`1 templatedNonFeChildrenField)
   at System.Windows.FrameworkTemplate.LoadContent(DependencyObject container, List`1 affectedChildren)
   at System.Windows.StyleHelper.ApplyTemplateContent(UncommonField`1 dataField, DependencyObject container, FrameworkElementFactory templateRoot, Int32 lastChildIndex, HybridDictionary childIndexFromChildID, FrameworkTemplate frameworkTemplate)
   at System.Windows.FrameworkTemplate.ApplyTemplateContent(UncommonField`1 templateDataField, FrameworkElement container)
   at System.Windows.FrameworkElement.ApplyTemplate()
   at System.Windows.FrameworkElement.MeasureCore(Size availableSize)
   at System.Windows.UIElement.Measure(Size availableSize)
   at System.Windows.Controls.StackPanel.StackMeasureHelper(IStackMeasure measureElement, IStackMeasureScrollData scrollData, Size constraint)
   at System.Windows.Controls.StackPanel.MeasureOverride(Size constraint)
   at System.Windows.FrameworkElement.MeasureCore(Size availableSize)
   at System.Windows.UIElement.Measure(Size availableSize)
   at MS.Internal.Helper.MeasureElementWithSingleChild(UIElement element, Size constraint)
   at System.Windows.FrameworkElement.MeasureCore(Size availableSize)
   at System.Windows.UIElement.Measure(Size availableSize)
   at MS.Internal.Helper.MeasureElementWithSingleChild(UIElement element, Size constraint)
   at System.Windows.Controls.ScrollContentPresenter.MeasureOverride(Size constraint)
   at System.Windows.FrameworkElement.MeasureCore(Size availableSize)
   at System.Windows.UIElement.Measure(Size availableSize)
   at System.Windows.Controls.Grid.MeasureCell(Int32 cell, Boolean forceInfinityV)
   at System.Windows.Controls.Grid.MeasureCellsGroup(Int32 cellsHead, Size referenceSize, Boolean ignoreDesiredSizeU, Boolean forceInfinityV, Boolean& hasDesiredSizeUChanged)
   at System.Windows.Controls.Grid.MeasureOverride(Size constraint)
   at System.Windows.FrameworkElement.MeasureCore(Size availableSize)
   at System.Windows.UIElement.Measure(Size availableSize)
   at System.Windows.Controls.ScrollViewer.MeasureOverride(Size constraint)
   at System.Windows.FrameworkElement.MeasureCore(Size availableSize)
   at System.Windows.UIElement.Measure(Size availableSize)
   at System.Windows.Controls.Border.MeasureOverride(Size constraint)
   at System.Windows.FrameworkElement.MeasureCore(Size availableSize)
   at System.Windows.UIElement.Measure(Size availableSize)
   at System.Windows.Controls.Control.MeasureOverride(Size constraint)
   at System.Windows.Controls.DataGrid.MeasureOverride(Size availableSize)
   at System.Windows.FrameworkElement.MeasureCore(Size availableSize)
   at System.Windows.UIElement.Measure(Size availableSize)
   at System.Windows.Controls.Grid.MeasureCell(Int32 cell, Boolean forceInfinityV)
   at System.Windows.Controls.Grid.MeasureCellsGroup(Int32 cellsHead, Size referenceSize, Boolean ignoreDesiredSizeU, Boolean forceInfinityV, Boolean& hasDesiredSizeUChanged)
   at System.Windows.Controls.Grid.MeasureOverride(Size constraint)
   at System.Windows.FrameworkElement.MeasureCore(Size availableSize)
   at System.Windows.UIElement.Measure(Size availableSize)
   at MS.Internal.Helper.MeasureElementWithSingleChild(UIElement element, Size constraint)
   at System.Windows.FrameworkElement.MeasureCore(Size availableSize)
   at System.Windows.UIElement.Measure(Size availableSize)
   at System.Windows.Controls.Border.MeasureOverride(Size constraint)
   at System.Windows.FrameworkElement.MeasureCore(Size availableSize)
   at System.Windows.UIElement.Measure(Size availableSize)
   at System.Windows.Controls.Control.MeasureOverride(Size constraint)
   at System.Windows.FrameworkElement.MeasureCore(Size availableSize)
   at System.Windows.UIElement.Measure(Size availableSize)
   at MS.Internal.Helper.MeasureElementWithSingleChild(UIElement element, Size constraint)
   at System.Windows.FrameworkElement.MeasureCore(Size availableSize)
   at System.Windows.UIElement.Measure(Size availableSize)
   at System.Windows.Controls.Border.MeasureOverride(Size constraint)
   at System.Windows.FrameworkElement.MeasureCore(Size availableSize)
   at System.Windows.UIElement.Measure(Size availableSize)
   at System.Windows.Controls.Grid.MeasureCell(Int32 cell, Boolean forceInfinityV)
   at System.Windows.Controls.Grid.MeasureCellsGroup(Int32 cellsHead, Size referenceSize, Boolean ignoreDesiredSizeU, Boolean forceInfinityV, Boolean& hasDesiredSizeUChanged)
   at System.Windows.Controls.Grid.MeasureOverride(Size constraint)
   at System.Windows.FrameworkElement.MeasureCore(Size availableSize)
   at System.Windows.UIElement.Measure(Size availableSize)
   at System.Windows.Controls.Control.MeasureOverride(Size constraint)
   at System.Windows.FrameworkElement.MeasureCore(Size availableSize)
   at System.Windows.UIElement.Measure(Size availableSize)
   at System.Windows.Controls.Grid.MeasureCell(Int32 cell, Boolean forceInfinityV)
   at System.Windows.Controls.Grid.MeasureCellsGroup(Int32 cellsHead, Size referenceSize, Boolean ignoreDesiredSizeU, Boolean forceInfinityV, Boolean& hasDesiredSizeUChanged)
   at System.Windows.Controls.Grid.MeasureOverride(Size constraint)
   at System.Windows.FrameworkElement.MeasureCore(Size availableSize)
   at System.Windows.UIElement.Measure(Size availableSize)
   at MS.Internal.Helper.MeasureElementWithSingleChild(UIElement element, Size constraint)
   at System.Windows.FrameworkElement.MeasureCore(Size availableSize)
   at System.Windows.UIElement.Measure(Size availableSize)
   at System.Windows.Controls.Decorator.MeasureOverride(Size constraint)
   at System.Windows.Documents.AdornerDecorator.MeasureOverride(Size constraint)
   at System.Windows.FrameworkElement.MeasureCore(Size availableSize)
   at System.Windows.UIElement.Measure(Size availableSize)
   at System.Windows.Controls.Border.MeasureOverride(Size constraint)
   at System.Windows.FrameworkElement.MeasureCore(Size availableSize)
   at System.Windows.UIElement.Measure(Size availableSize)
   at System.Windows.Window.MeasureOverrideHelper(Size constraint)
   at System.Windows.Window.MeasureOverride(Size availableSize)
   at System.Windows.FrameworkElement.MeasureCore(Size availableSize)
   at System.Windows.UIElement.Measure(Size availableSize)
   at System.Windows.ContextLayoutManager.UpdateLayout()
   at System.Windows.ContextLayoutManager.UpdateLayoutCallback(Object arg)
   at System.Windows.Media.MediaContext.FireInvokeOnRenderCallbacks()
   at System.Windows.Media.MediaContext.RenderMessageHandlerCore(Object resizedCompositionTarget)
   at System.Windows.Media.MediaContext.RenderMessageHandler(Object resizedCompositionTarget)
   at System.Windows.Threading.ExceptionWrapper.InternalRealCall(Delegate callback, Object args, Int32 numArgs)
   at System.Windows.Threading.ExceptionWrapper.TryCatchWhen(Object source, Delegate callback, Object args, Int32 numArgs, Delegate catchHandler)

[2026-05-01 00:27:04] [Dispatcher]
System.Windows.Markup.XamlParseException: Provide value on 'System.Windows.Data.Binding' threw an exception.
 ---> System.InvalidOperationException: Two-way binding requires Path or XPath.
   at System.Windows.Data.BindingExpression.CreateBindingExpression(DependencyObject d, DependencyProperty dp, Binding binding, BindingExpressionBase parent)
   at System.Windows.Data.BindingBase.ProvideValue(IServiceProvider serviceProvider)
   at MS.Internal.Xaml.Runtime.ClrObjectRuntime.CallProvideValue(MarkupExtension me, IServiceProvider serviceProvider)
   --- End of inner exception stack trace ---
   at System.Windows.Markup.XamlReader.RewrapException(Exception e, IXamlLineInfo lineInfo, Uri baseUri)
   at System.Windows.Markup.XamlReader.RewrapException(Exception e, Uri baseUri)
   at System.Windows.FrameworkTemplate.LoadTemplateXaml(XamlReader templateReader, XamlObjectWriter currentWriter)
   at System.Windows.FrameworkTemplate.LoadOptimizedTemplateContent(DependencyObject container, IComponentConnector componentConnector, IStyleConnector styleConnector, List`1 affectedChildren, UncommonField`1 templatedNonFeChildrenField)
   at System.Windows.FrameworkTemplate.LoadContent(DependencyObject container, List`1 affectedChildren)
   at System.Windows.StyleHelper.ApplyTemplateContent(UncommonField`1 dataField, DependencyObject container, FrameworkElementFactory templateRoot, Int32 lastChildIndex, HybridDictionary childIndexFromChildID, FrameworkTemplate frameworkTemplate)
   at System.Windows.FrameworkTemplate.ApplyTemplateContent(UncommonField`1 templateDataField, FrameworkElement container)
   at System.Windows.FrameworkElement.ApplyTemplate()
   at System.Windows.FrameworkElement.MeasureCore(Size availableSize)
   at System.Windows.UIElement.Measure(Size availableSize)
   at System.Windows.Controls.StackPanel.StackMeasureHelper(IStackMeasure measureElement, IStackMeasureScrollData scrollData, Size constraint)
   at System.Windows.Controls.StackPanel.MeasureOverride(Size constraint)
   at System.Windows.FrameworkElement.MeasureCore(Size availableSize)
   at System.Windows.UIElement.Measure(Size availableSize)
   at MS.Internal.Helper.MeasureElementWithSingleChild(UIElement element, Size constraint)
   at System.Windows.FrameworkElement.MeasureCore(Size availableSize)
   at System.Windows.UIElement.Measure(Size availableSize)
   at MS.Internal.Helper.MeasureElementWithSingleChild(UIElement element, Size constraint)
   at System.Windows.Controls.ScrollContentPresenter.MeasureOverride(Size constraint)
   at System.Windows.FrameworkElement.MeasureCore(Size availableSize)
   at System.Windows.UIElement.Measure(Size availableSize)
   at System.Windows.Controls.Grid.MeasureCell(Int32 cell, Boolean forceInfinityV)
   at System.Windows.Controls.Grid.MeasureCellsGroup(Int32 cellsHead, Size referenceSize, Boolean ignoreDesiredSizeU, Boolean forceInfinityV, Boolean& hasDesiredSizeUChanged)
   at System.Windows.Controls.Grid.MeasureOverride(Size constraint)
   at System.Windows.FrameworkElement.MeasureCore(Size availableSize)
   at System.Windows.UIElement.Measure(Size availableSize)
   at System.Windows.Controls.ScrollViewer.MeasureOverride(Size constraint)
   at System.Windows.FrameworkElement.MeasureCore(Size availableSize)
   at System.Windows.UIElement.Measure(Size availableSize)
   at System.Windows.Controls.Border.MeasureOverride(Size constraint)
   at System.Windows.FrameworkElement.MeasureCore(Size availableSize)
   at System.Windows.UIElement.Measure(Size availableSize)
   at System.Windows.Controls.Control.MeasureOverride(Size constraint)
   at System.Windows.Controls.DataGrid.MeasureOverride(Size availableSize)
   at System.Windows.FrameworkElement.MeasureCore(Size availableSize)
   at System.Windows.UIElement.Measure(Size availableSize)
   at System.Windows.Controls.Grid.MeasureCell(Int32 cell, Boolean forceInfinityV)
   at System.Windows.Controls.Grid.MeasureCellsGroup(Int32 cellsHead, Size referenceSize, Boolean ignoreDesiredSizeU, Boolean forceInfinityV, Boolean& hasDesiredSizeUChanged)
   at System.Windows.Controls.Grid.MeasureOverride(Size constraint)
   at System.Windows.FrameworkElement.MeasureCore(Size availableSize)
   at System.Windows.UIElement.Measure(Size availableSize)
   at MS.Internal.Helper.MeasureElementWithSingleChild(UIElement element, Size constraint)
   at System.Windows.FrameworkElement.MeasureCore(Size availableSize)
   at System.Windows.UIElement.Measure(Size availableSize)
   at System.Windows.Controls.Border.MeasureOverride(Size constraint)
   at System.Windows.FrameworkElement.MeasureCore(Size availableSize)
   at System.Windows.UIElement.Measure(Size availableSize)
   at System.Windows.Controls.Control.MeasureOverride(Size constraint)
   at System.Windows.FrameworkElement.MeasureCore(Size availableSize)
   at System.Windows.UIElement.Measure(Size availableSize)
   at MS.Internal.Helper.MeasureElementWithSingleChild(UIElement element, Size constraint)
   at System.Windows.FrameworkElement.MeasureCore(Size availableSize)
   at System.Windows.UIElement.Measure(Size availableSize)
   at System.Windows.Controls.Border.MeasureOverride(Size constraint)
   at System.Windows.FrameworkElement.MeasureCore(Size availableSize)
   at System.Windows.UIElement.Measure(Size availableSize)
   at System.Windows.Controls.Grid.MeasureCell(Int32 cell, Boolean forceInfinityV)
   at System.Windows.Controls.Grid.MeasureCellsGroup(Int32 cellsHead, Size referenceSize, Boolean ignoreDesiredSizeU, Boolean forceInfinityV, Boolean& hasDesiredSizeUChanged)
   at System.Windows.Controls.Grid.MeasureOverride(Size constraint)
   at System.Windows.FrameworkElement.MeasureCore(Size availableSize)
   at System.Windows.UIElement.Measure(Size availableSize)
   at System.Windows.Controls.Control.MeasureOverride(Size constraint)
   at System.Windows.FrameworkElement.MeasureCore(Size availableSize)
   at System.Windows.UIElement.Measure(Size availableSize)
   at System.Windows.Controls.Grid.MeasureCell(Int32 cell, Boolean forceInfinityV)
   at System.Windows.Controls.Grid.MeasureCellsGroup(Int32 cellsHead, Size referenceSize, Boolean ignoreDesiredSizeU, Boolean forceInfinityV, Boolean& hasDesiredSizeUChanged)
   at System.Windows.Controls.Grid.MeasureOverride(Size constraint)
   at System.Windows.FrameworkElement.MeasureCore(Size availableSize)
   at System.Windows.UIElement.Measure(Size availableSize)
   at MS.Internal.Helper.MeasureElementWithSingleChild(UIElement element, Size constraint)
   at System.Windows.FrameworkElement.MeasureCore(Size availableSize)
   at System.Windows.UIElement.Measure(Size availableSize)
   at System.Windows.Controls.Decorator.MeasureOverride(Size constraint)
   at System.Windows.Documents.AdornerDecorator.MeasureOverride(Size constraint)
   at System.Windows.FrameworkElement.MeasureCore(Size availableSize)
   at System.Windows.UIElement.Measure(Size availableSize)
   at System.Windows.Controls.Border.MeasureOverride(Size constraint)
   at System.Windows.FrameworkElement.MeasureCore(Size availableSize)
   at System.Windows.UIElement.Measure(Size availableSize)
   at System.Windows.Window.MeasureOverrideHelper(Size constraint)
   at System.Windows.Window.MeasureOverride(Size availableSize)
   at System.Windows.FrameworkElement.MeasureCore(Size availableSize)
   at System.Windows.UIElement.Measure(Size availableSize)
   at System.Windows.ContextLayoutManager.UpdateLayout()
   at System.Windows.ContextLayoutManager.UpdateLayoutCallback(Object arg)
   at System.Windows.Media.MediaContext.FireInvokeOnRenderCallbacks()
   at System.Windows.Media.MediaContext.RenderMessageHandlerCore(Object resizedCompositionTarget)
   at System.Windows.Media.MediaContext.RenderMessageHandler(Object resizedCompositionTarget)
   at System.Windows.Threading.ExceptionWrapper.InternalRealCall(Delegate callback, Object args, Int32 numArgs)
   at System.Windows.Threading.ExceptionWrapper.TryCatchWhen(Object source, Delegate callback, Object args, Int32 numArgs, Delegate catchHandler)

[2026-05-01 00:27:04] [Dispatcher]
System.Windows.Markup.XamlParseException: Provide value on 'System.Windows.Data.Binding' threw an exception.
 ---> System.InvalidOperationException: Two-way binding requires Path or XPath.
   at System.Windows.Data.BindingExpression.CreateBindingExpression(DependencyObject d, DependencyProperty dp, Binding binding, BindingExpressionBase parent)
   at System.Windows.Data.BindingBase.ProvideValue(IServiceProvider serviceProvider)
   at MS.Internal.Xaml.Runtime.ClrObjectRuntime.CallProvideValue(MarkupExtension me, IServiceProvider serviceProvider)
   --- End of inner exception stack trace ---
   at System.Windows.Markup.XamlReader.RewrapException(Exception e, IXamlLineInfo lineInfo, Uri baseUri)
   at System.Windows.Markup.XamlReader.RewrapException(Exception e, Uri baseUri)
   at System.Windows.FrameworkTemplate.LoadTemplateXaml(XamlReader templateReader, XamlObjectWriter currentWriter)
   at System.Windows.FrameworkTemplate.LoadOptimizedTemplateContent(DependencyObject container, IComponentConnector componentConnector, IStyleConnector styleConnector, List`1 affectedChildren, UncommonField`1 templatedNonFeChildrenField)
   at System.Windows.FrameworkTemplate.LoadContent(DependencyObject container, List`1 affectedChildren)
   at System.Windows.StyleHelper.ApplyTemplateContent(UncommonField`1 dataField, DependencyObject container, FrameworkElementFactory templateRoot, Int32 lastChildIndex, HybridDictionary childIndexFromChildID, FrameworkTemplate frameworkTemplate)
   at System.Windows.FrameworkTemplate.ApplyTemplateContent(UncommonField`1 templateDataField, FrameworkElement container)
   at System.Windows.FrameworkElement.ApplyTemplate()
   at System.Windows.FrameworkElement.MeasureCore(Size availableSize)
   at System.Windows.UIElement.Measure(Size availableSize)
   at System.Windows.Controls.StackPanel.StackMeasureHelper(IStackMeasure measureElement, IStackMeasureScrollData scrollData, Size constraint)
   at System.Windows.Controls.StackPanel.MeasureOverride(Size constraint)
   at System.Windows.FrameworkElement.MeasureCore(Size availableSize)
   at System.Windows.UIElement.Measure(Size availableSize)
   at MS.Internal.Helper.MeasureElementWithSingleChild(UIElement element, Size constraint)
   at System.Windows.FrameworkElement.MeasureCore(Size availableSize)
   at System.Windows.UIElement.Measure(Size availableSize)
   at MS.Internal.Helper.MeasureElementWithSingleChild(UIElement element, Size constraint)
   at System.Windows.Controls.ScrollContentPresenter.MeasureOverride(Size constraint)
   at System.Windows.FrameworkElement.MeasureCore(Size availableSize)
   at System.Windows.UIElement.Measure(Size availableSize)
   at System.Windows.Controls.Grid.MeasureCell(Int32 cell, Boolean forceInfinityV)
   at System.Windows.Controls.Grid.MeasureCellsGroup(Int32 cellsHead, Size referenceSize, Boolean ignoreDesiredSizeU, Boolean forceInfinityV, Boolean& hasDesiredSizeUChanged)
   at System.Windows.Controls.Grid.MeasureOverride(Size constraint)
   at System.Windows.FrameworkElement.MeasureCore(Size availableSize)
   at System.Windows.UIElement.Measure(Size availableSize)
   at System.Windows.Controls.ScrollViewer.MeasureOverride(Size constraint)
   at System.Windows.FrameworkElement.MeasureCore(Size availableSize)
   at System.Windows.UIElement.Measure(Size availableSize)
   at System.Windows.Controls.Border.MeasureOverride(Size constraint)
   at System.Windows.FrameworkElement.MeasureCore(Size availableSize)
   at System.Windows.UIElement.Measure(Size availableSize)
   at System.Windows.Controls.Control.MeasureOverride(Size constraint)
   at System.Windows.Controls.DataGrid.MeasureOverride(Size availableSize)
   at System.Windows.FrameworkElement.MeasureCore(Size availableSize)
   at System.Windows.UIElement.Measure(Size availableSize)
   at System.Windows.Controls.Grid.MeasureCell(Int32 cell, Boolean forceInfinityV)
   at System.Windows.Controls.Grid.MeasureCellsGroup(Int32 cellsHead, Size referenceSize, Boolean ignoreDesiredSizeU, Boolean forceInfinityV, Boolean& hasDesiredSizeUChanged)
   at System.Windows.Controls.Grid.MeasureOverride(Size constraint)
   at System.Windows.FrameworkElement.MeasureCore(Size availableSize)
   at System.Windows.UIElement.Measure(Size availableSize)
   at MS.Internal.Helper.MeasureElementWithSingleChild(UIElement element, Size constraint)
   at System.Windows.FrameworkElement.MeasureCore(Size availableSize)
   at System.Windows.UIElement.Measure(Size availableSize)
   at System.Windows.Controls.Border.MeasureOverride(Size constraint)
   at System.Windows.FrameworkElement.MeasureCore(Size availableSize)
   at System.Windows.UIElement.Measure(Size availableSize)
   at System.Windows.Controls.Control.MeasureOverride(Size constraint)
   at System.Windows.FrameworkElement.MeasureCore(Size availableSize)
   at System.Windows.UIElement.Measure(Size availableSize)
   at MS.Internal.Helper.MeasureElementWithSingleChild(UIElement element, Size constraint)
   at System.Windows.FrameworkElement.MeasureCore(Size availableSize)
   at System.Windows.UIElement.Measure(Size availableSize)
   at System.Windows.Controls.Border.MeasureOverride(Size constraint)
   at System.Windows.FrameworkElement.MeasureCore(Size availableSize)
   at System.Windows.UIElement.Measure(Size availableSize)
   at System.Windows.Controls.Grid.MeasureCell(Int32 cell, Boolean forceInfinityV)
   at System.Windows.Controls.Grid.MeasureCellsGroup(Int32 cellsHead, Size referenceSize, Boolean ignoreDesiredSizeU, Boolean forceInfinityV, Boolean& hasDesiredSizeUChanged)
   at System.Windows.Controls.Grid.MeasureOverride(Size constraint)
   at System.Windows.FrameworkElement.MeasureCore(Size availableSize)
   at System.Windows.UIElement.Measure(Size availableSize)
   at System.Windows.Controls.Control.MeasureOverride(Size constraint)
   at System.Windows.FrameworkElement.MeasureCore(Size availableSize)
   at System.Windows.UIElement.Measure(Size availableSize)
   at System.Windows.Controls.Grid.MeasureCell(Int32 cell, Boolean forceInfinityV)
   at System.Windows.Controls.Grid.MeasureCellsGroup(Int32 cellsHead, Size referenceSize, Boolean ignoreDesiredSizeU, Boolean forceInfinityV, Boolean& hasDesiredSizeUChanged)
   at System.Windows.Controls.Grid.MeasureOverride(Size constraint)
   at System.Windows.FrameworkElement.MeasureCore(Size availableSize)
   at System.Windows.UIElement.Measure(Size availableSize)
   at MS.Internal.Helper.MeasureElementWithSingleChild(UIElement element, Size constraint)
   at System.Windows.FrameworkElement.MeasureCore(Size availableSize)
   at System.Windows.UIElement.Measure(Size availableSize)
   at System.Windows.Controls.Decorator.MeasureOverride(Size constraint)
   at System.Windows.Documents.AdornerDecorator.MeasureOverride(Size constraint)
   at System.Windows.FrameworkElement.MeasureCore(Size availableSize)
   at System.Windows.UIElement.Measure(Size availableSize)
   at System.Windows.Controls.Border.MeasureOverride(Size constraint)
   at System.Windows.FrameworkElement.MeasureCore(Size availableSize)
   at System.Windows.UIElement.Measure(Size availableSize)
   at System.Windows.Window.MeasureOverrideHelper(Size constraint)
   at System.Windows.Window.MeasureOverride(Size availableSize)
   at System.Windows.FrameworkElement.MeasureCore(Size availableSize)
   at System.Windows.UIElement.Measure(Size availableSize)
   at System.Windows.ContextLayoutManager.UpdateLayout()
   at System.Windows.ContextLayoutManager.UpdateLayoutCallback(Object arg)
   at System.Windows.Media.MediaContext.FireInvokeOnRenderCallbacks()
   at System.Windows.Media.MediaContext.RenderMessageHandlerCore(Object resizedCompositionTarget)
   at System.Windows.Media.MediaContext.RenderMessageHandler(Object resizedCompositionTarget)
   at System.Windows.Threading.ExceptionWrapper.InternalRealCall(Delegate callback, Object args, Int32 numArgs)
   at System.Windows.Threading.ExceptionWrapper.TryCatchWhen(Object source, Delegate callback, Object args, Int32 numArgs, Delegate catchHandler)

[2026-05-01 00:27:04] [Dispatcher]
System.Windows.Markup.XamlParseException: Provide value on 'System.Windows.Data.Binding' threw an exception.
 ---> System.InvalidOperationException: Two-way binding requires Path or XPath.
   at System.Windows.Data.BindingExpression.CreateBindingExpression(DependencyObject d, DependencyProperty dp, Binding binding, BindingExpressionBase parent)
   at System.Windows.Data.BindingBase.ProvideValue(IServiceProvider serviceProvider)
   at MS.Internal.Xaml.Runtime.ClrObjectRuntime.CallProvideValue(MarkupExtension me, IServiceProvider serviceProvider)
   --- End of inner exception stack trace ---
   at System.Windows.Markup.XamlReader.RewrapException(Exception e, IXamlLineInfo lineInfo, Uri baseUri)
   at System.Windows.Markup.XamlReader.RewrapException(Exception e, Uri baseUri)
   at System.Windows.FrameworkTemplate.LoadTemplateXaml(XamlReader templateReader, XamlObjectWriter currentWriter)
   at System.Windows.FrameworkTemplate.LoadOptimizedTemplateContent(DependencyObject container, IComponentConnector componentConnector, IStyleConnector styleConnector, List`1 affectedChildren, UncommonField`1 templatedNonFeChildrenField)
   at System.Windows.FrameworkTemplate.LoadContent(DependencyObject container, List`1 affectedChildren)
   at System.Windows.StyleHelper.ApplyTemplateContent(UncommonField`1 dataField, DependencyObject container, FrameworkElementFactory templateRoot, Int32 lastChildIndex, HybridDictionary childIndexFromChildID, FrameworkTemplate frameworkTemplate)
   at System.Windows.FrameworkTemplate.ApplyTemplateContent(UncommonField`1 templateDataField, FrameworkElement container)
   at System.Windows.FrameworkElement.ApplyTemplate()
   at System.Windows.FrameworkElement.MeasureCore(Size availableSize)
   at System.Windows.UIElement.Measure(Size availableSize)
   at System.Windows.Controls.StackPanel.StackMeasureHelper(IStackMeasure measureElement, IStackMeasureScrollData scrollData, Size constraint)
   at System.Windows.Controls.StackPanel.MeasureOverride(Size constraint)
   at System.Windows.FrameworkElement.MeasureCore(Size availableSize)
   at System.Windows.UIElement.Measure(Size availableSize)
   at MS.Internal.Helper.MeasureElementWithSingleChild(UIElement element, Size constraint)
   at System.Windows.FrameworkElement.MeasureCore(Size availableSize)
   at System.Windows.UIElement.Measure(Size availableSize)
   at MS.Internal.Helper.MeasureElementWithSingleChild(UIElement element, Size constraint)
   at System.Windows.Controls.ScrollContentPresenter.MeasureOverride(Size constraint)
   at System.Windows.FrameworkElement.MeasureCore(Size availableSize)
   at System.Windows.UIElement.Measure(Size availableSize)
   at System.Windows.Controls.Grid.MeasureCell(Int32 cell, Boolean forceInfinityV)
   at System.Windows.Controls.Grid.MeasureCellsGroup(Int32 cellsHead, Size referenceSize, Boolean ignoreDesiredSizeU, Boolean forceInfinityV, Boolean& hasDesiredSizeUChanged)
   at System.Windows.Controls.Grid.MeasureOverride(Size constraint)
   at System.Windows.FrameworkElement.MeasureCore(Size availableSize)
   at System.Windows.UIElement.Measure(Size availableSize)
   at System.Windows.Controls.ScrollViewer.MeasureOverride(Size constraint)
   at System.Windows.FrameworkElement.MeasureCore(Size availableSize)
   at System.Windows.UIElement.Measure(Size availableSize)
   at System.Windows.Controls.Border.MeasureOverride(Size constraint)
   at System.Windows.FrameworkElement.MeasureCore(Size availableSize)
   at System.Windows.UIElement.Measure(Size availableSize)
   at System.Windows.Controls.Control.MeasureOverride(Size constraint)
   at System.Windows.Controls.DataGrid.MeasureOverride(Size availableSize)
   at System.Windows.FrameworkElement.MeasureCore(Size availableSize)
   at System.Windows.UIElement.Measure(Size availableSize)
   at System.Windows.Controls.Grid.MeasureCell(Int32 cell, Boolean forceInfinityV)
   at System.Windows.Controls.Grid.MeasureCellsGroup(Int32 cellsHead, Size referenceSize, Boolean ignoreDesiredSizeU, Boolean forceInfinityV, Boolean& hasDesiredSizeUChanged)
   at System.Windows.Controls.Grid.MeasureOverride(Size constraint)
   at System.Windows.FrameworkElement.MeasureCore(Size availableSize)
   at System.Windows.UIElement.Measure(Size availableSize)
   at MS.Internal.Helper.MeasureElementWithSingleChild(UIElement element, Size constraint)
   at System.Windows.FrameworkElement.MeasureCore(Size availableSize)
   at System.Windows.UIElement.Measure(Size availableSize)
   at System.Windows.Controls.Border.MeasureOverride(Size constraint)
   at System.Windows.FrameworkElement.MeasureCore(Size availableSize)
   at System.Windows.UIElement.Measure(Size availableSize)
   at System.Windows.Controls.Control.MeasureOverride(Size constraint)
   at System.Windows.FrameworkElement.MeasureCore(Size availableSize)
   at System.Windows.UIElement.Measure(Size availableSize)
   at MS.Internal.Helper.MeasureElementWithSingleChild(UIElement element, Size constraint)
   at System.Windows.FrameworkElement.MeasureCore(Size availableSize)
   at System.Windows.UIElement.Measure(Size availableSize)
   at System.Windows.Controls.Border.MeasureOverride(Size constraint)
   at System.Windows.FrameworkElement.MeasureCore(Size availableSize)
   at System.Windows.UIElement.Measure(Size availableSize)
   at System.Windows.Controls.Grid.MeasureCell(Int32 cell, Boolean forceInfinityV)
   at System.Windows.Controls.Grid.MeasureCellsGroup(Int32 cellsHead, Size referenceSize, Boolean ignoreDesiredSizeU, Boolean forceInfinityV, Boolean& hasDesiredSizeUChanged)
   at System.Windows.Controls.Grid.MeasureOverride(Size constraint)
   at System.Windows.FrameworkElement.MeasureCore(Size availableSize)
   at System.Windows.UIElement.Measure(Size availableSize)
   at System.Windows.Controls.Control.MeasureOverride(Size constraint)
   at System.Windows.FrameworkElement.MeasureCore(Size availableSize)
   at System.Windows.UIElement.Measure(Size availableSize)
   at System.Windows.Controls.Grid.MeasureCell(Int32 cell, Boolean forceInfinityV)
   at System.Windows.Controls.Grid.MeasureCellsGroup(Int32 cellsHead, Size referenceSize, Boolean ignoreDesiredSizeU, Boolean forceInfinityV, Boolean& hasDesiredSizeUChanged)
   at System.Windows.Controls.Grid.MeasureOverride(Size constraint)
   at System.Windows.FrameworkElement.MeasureCore(Size availableSize)
   at System.Windows.UIElement.Measure(Size availableSize)
   at MS.Internal.Helper.MeasureElementWithSingleChild(UIElement element, Size constraint)
   at System.Windows.FrameworkElement.MeasureCore(Size availableSize)
   at System.Windows.UIElement.Measure(Size availableSize)
   at System.Windows.Controls.Decorator.MeasureOverride(Size constraint)
   at System.Windows.Documents.AdornerDecorator.MeasureOverride(Size constraint)
   at System.Windows.FrameworkElement.MeasureCore(Size availableSize)
   at System.Windows.UIElement.Measure(Size availableSize)
   at System.Windows.Controls.Border.MeasureOverride(Size constraint)
   at System.Windows.FrameworkElement.MeasureCore(Size availableSize)
   at System.Windows.UIElement.Measure(Size availableSize)
   at System.Windows.Window.MeasureOverrideHelper(Size constraint)
   at System.Windows.Window.MeasureOverride(Size availableSize)
   at System.Windows.FrameworkElement.MeasureCore(Size availableSize)
   at System.Windows.UIElement.Measure(Size availableSize)
   at System.Windows.ContextLayoutManager.UpdateLayout()
   at System.Windows.ContextLayoutManager.UpdateLayoutCallback(Object arg)
   at System.Windows.Media.MediaContext.FireInvokeOnRenderCallbacks()
   at System.Windows.Media.MediaContext.RenderMessageHandlerCore(Object resizedCompositionTarget)
   at System.Windows.Media.MediaContext.RenderMessageHandler(Object resizedCompositionTarget)
   at System.Windows.Threading.ExceptionWrapper.InternalRealCall(Delegate callback, Object args, Int32 numArgs)
   at System.Windows.Threading.ExceptionWrapper.TryCatchWhen(Object source, Delegate callback, Object args, Int32 numArgs, Delegate catchHandler)

[2026-05-01 00:27:04] [Dispatcher]
System.Windows.Markup.XamlParseException: Provide value on 'System.Windows.Data.Binding' threw an exception.
 ---> System.InvalidOperationException: Two-way binding requires Path or XPath.
   at System.Windows.Data.BindingExpression.CreateBindingExpression(DependencyObject d, DependencyProperty dp, Binding binding, BindingExpressionBase parent)
   at System.Windows.Data.BindingBase.ProvideValue(IServiceProvider serviceProvider)
   at MS.Internal.Xaml.Runtime.ClrObjectRuntime.CallProvideValue(MarkupExtension me, IServiceProvider serviceProvider)
   --- End of inner exception stack trace ---
   at System.Windows.Markup.XamlReader.RewrapException(Exception e, IXamlLineInfo lineInfo, Uri baseUri)
   at System.Windows.Markup.XamlReader.RewrapException(Exception e, Uri baseUri)
   at System.Windows.FrameworkTemplate.LoadTemplateXaml(XamlReader templateReader, XamlObjectWriter currentWriter)
   at System.Windows.FrameworkTemplate.LoadOptimizedTemplateContent(DependencyObject container, IComponentConnector componentConnector, IStyleConnector styleConnector, List`1 affectedChildren, UncommonField`1 templatedNonFeChildrenField)
   at System.Windows.FrameworkTemplate.LoadContent(DependencyObject container, List`1 affectedChildren)
   at System.Windows.StyleHelper.ApplyTemplateContent(UncommonField`1 dataField, DependencyObject container, FrameworkElementFactory templateRoot, Int32 lastChildIndex, HybridDictionary childIndexFromChildID, FrameworkTemplate frameworkTemplate)
   at System.Windows.FrameworkTemplate.ApplyTemplateContent(UncommonField`1 templateDataField, FrameworkElement container)
   at System.Windows.FrameworkElement.ApplyTemplate()
   at System.Windows.FrameworkElement.MeasureCore(Size availableSize)
   at System.Windows.UIElement.Measure(Size availableSize)
   at System.Windows.Controls.StackPanel.StackMeasureHelper(IStackMeasure measureElement, IStackMeasureScrollData scrollData, Size constraint)
   at System.Windows.Controls.StackPanel.MeasureOverride(Size constraint)
   at System.Windows.FrameworkElement.MeasureCore(Size availableSize)
   at System.Windows.UIElement.Measure(Size availableSize)
   at MS.Internal.Helper.MeasureElementWithSingleChild(UIElement element, Size constraint)
   at System.Windows.FrameworkElement.MeasureCore(Size availableSize)
   at System.Windows.UIElement.Measure(Size availableSize)
   at MS.Internal.Helper.MeasureElementWithSingleChild(UIElement element, Size constraint)
   at System.Windows.Controls.ScrollContentPresenter.MeasureOverride(Size constraint)
   at System.Windows.FrameworkElement.MeasureCore(Size availableSize)
   at System.Windows.UIElement.Measure(Size availableSize)
   at System.Windows.Controls.Grid.MeasureCell(Int32 cell, Boolean forceInfinityV)
   at System.Windows.Controls.Grid.MeasureCellsGroup(Int32 cellsHead, Size referenceSize, Boolean ignoreDesiredSizeU, Boolean forceInfinityV, Boolean& hasDesiredSizeUChanged)
   at System.Windows.Controls.Grid.MeasureOverride(Size constraint)
   at System.Windows.FrameworkElement.MeasureCore(Size availableSize)
   at System.Windows.UIElement.Measure(Size availableSize)
   at System.Windows.Controls.ScrollViewer.MeasureOverride(Size constraint)
   at System.Windows.FrameworkElement.MeasureCore(Size availableSize)
   at System.Windows.UIElement.Measure(Size availableSize)
   at System.Windows.Controls.Border.MeasureOverride(Size constraint)
   at System.Windows.FrameworkElement.MeasureCore(Size availableSize)
   at System.Windows.UIElement.Measure(Size availableSize)
   at System.Windows.Controls.Control.MeasureOverride(Size constraint)
   at System.Windows.Controls.DataGrid.MeasureOverride(Size availableSize)
   at System.Windows.FrameworkElement.MeasureCore(Size availableSize)
   at System.Windows.UIElement.Measure(Size availableSize)
   at System.Windows.Controls.Grid.MeasureCell(Int32 cell, Boolean forceInfinityV)
   at System.Windows.Controls.Grid.MeasureCellsGroup(Int32 cellsHead, Size referenceSize, Boolean ignoreDesiredSizeU, Boolean forceInfinityV, Boolean& hasDesiredSizeUChanged)
   at System.Windows.Controls.Grid.MeasureOverride(Size constraint)
   at System.Windows.FrameworkElement.MeasureCore(Size availableSize)
   at System.Windows.UIElement.Measure(Size availableSize)
   at MS.Internal.Helper.MeasureElementWithSingleChild(UIElement element, Size constraint)
   at System.Windows.FrameworkElement.MeasureCore(Size availableSize)
   at System.Windows.UIElement.Measure(Size availableSize)
   at System.Windows.Controls.Border.MeasureOverride(Size constraint)
   at System.Windows.FrameworkElement.MeasureCore(Size availableSize)
   at System.Windows.UIElement.Measure(Size availableSize)
   at System.Windows.Controls.Control.MeasureOverride(Size constraint)
   at System.Windows.FrameworkElement.MeasureCore(Size availableSize)
   at System.Windows.UIElement.Measure(Size availableSize)
   at MS.Internal.Helper.MeasureElementWithSingleChild(UIElement element, Size constraint)
   at System.Windows.FrameworkElement.MeasureCore(Size availableSize)
   at System.Windows.UIElement.Measure(Size availableSize)
   at System.Windows.Controls.Border.MeasureOverride(Size constraint)
   at System.Windows.FrameworkElement.MeasureCore(Size availableSize)
   at System.Windows.UIElement.Measure(Size availableSize)
   at System.Windows.Controls.Grid.MeasureCell(Int32 cell, Boolean forceInfinityV)
   at System.Windows.Controls.Grid.MeasureCellsGroup(Int32 cellsHead, Size referenceSize, Boolean ignoreDesiredSizeU, Boolean forceInfinityV, Boolean& hasDesiredSizeUChanged)
   at System.Windows.Controls.Grid.MeasureOverride(Size constraint)
   at System.Windows.FrameworkElement.MeasureCore(Size availableSize)
   at System.Windows.UIElement.Measure(Size availableSize)
   at System.Windows.Controls.Control.MeasureOverride(Size constraint)
   at System.Windows.FrameworkElement.MeasureCore(Size availableSize)
   at System.Windows.UIElement.Measure(Size availableSize)
   at System.Windows.Controls.Grid.MeasureCell(Int32 cell, Boolean forceInfinityV)
   at System.Windows.Controls.Grid.MeasureCellsGroup(Int32 cellsHead, Size referenceSize, Boolean ignoreDesiredSizeU, Boolean forceInfinityV, Boolean& hasDesiredSizeUChanged)
   at System.Windows.Controls.Grid.MeasureOverride(Size constraint)
   at System.Windows.FrameworkElement.MeasureCore(Size availableSize)
   at System.Windows.UIElement.Measure(Size availableSize)
   at MS.Internal.Helper.MeasureElementWithSingleChild(UIElement element, Size constraint)
   at System.Windows.FrameworkElement.MeasureCore(Size availableSize)
   at System.Windows.UIElement.Measure(Size availableSize)
   at System.Windows.Controls.Decorator.MeasureOverride(Size constraint)
   at System.Windows.Documents.AdornerDecorator.MeasureOverride(Size constraint)
   at System.Windows.FrameworkElement.MeasureCore(Size availableSize)
   at System.Windows.UIElement.Measure(Size availableSize)
   at System.Windows.Controls.Border.MeasureOverride(Size constraint)
   at System.Windows.FrameworkElement.MeasureCore(Size availableSize)
   at System.Windows.UIElement.Measure(Size availableSize)
   at System.Windows.Window.MeasureOverrideHelper(Size constraint)
   at System.Windows.Window.MeasureOverride(Size availableSize)
   at System.Windows.FrameworkElement.MeasureCore(Size availableSize)
   at System.Windows.UIElement.Measure(Size availableSize)
   at System.Windows.ContextLayoutManager.UpdateLayout()
   at System.Windows.ContextLayoutManager.UpdateLayoutCallback(Object arg)
   at System.Windows.Media.MediaContext.FireInvokeOnRenderCallbacks()
   at System.Windows.Media.MediaContext.RenderMessageHandlerCore(Object resizedCompositionTarget)
   at System.Windows.Media.MediaContext.RenderMessageHandler(Object resizedCompositionTarget)
   at System.Windows.Threading.ExceptionWrapper.InternalRealCall(Delegate callback, Object args, Int32 numArgs)
   at System.Windows.Threading.ExceptionWrapper.TryCatchWhen(Object source, Delegate callback, Object args, Int32 numArgs, Delegate catchHandler)

[2026-05-01 00:27:04] [Dispatcher]
System.Windows.Markup.XamlParseException: Provide value on 'System.Windows.Data.Binding' threw an exception.
 ---> System.InvalidOperationException: Two-way binding requires Path or XPath.
   at System.Windows.Data.BindingExpression.CreateBindingExpression(DependencyObject d, DependencyProperty dp, Binding binding, BindingExpressionBase parent)
   at System.Windows.Data.BindingBase.ProvideValue(IServiceProvider serviceProvider)
   at MS.Internal.Xaml.Runtime.ClrObjectRuntime.CallProvideValue(MarkupExtension me, IServiceProvider serviceProvider)
   --- End of inner exception stack trace ---
   at System.Windows.Markup.XamlReader.RewrapException(Exception e, IXamlLineInfo lineInfo, Uri baseUri)
   at System.Windows.Markup.XamlReader.RewrapException(Exception e, Uri baseUri)
   at System.Windows.FrameworkTemplate.LoadTemplateXaml(XamlReader templateReader, XamlObjectWriter currentWriter)
   at System.Windows.FrameworkTemplate.LoadOptimizedTemplateContent(DependencyObject container, IComponentConnector componentConnector, IStyleConnector styleConnector, List`1 affectedChildren, UncommonField`1 templatedNonFeChildrenField)
   at System.Windows.FrameworkTemplate.LoadContent(DependencyObject container, List`1 affectedChildren)
   at System.Windows.StyleHelper.ApplyTemplateContent(UncommonField`1 dataField, DependencyObject container, FrameworkElementFactory templateRoot, Int32 lastChildIndex, HybridDictionary childIndexFromChildID, FrameworkTemplate frameworkTemplate)
   at System.Windows.FrameworkTemplate.ApplyTemplateContent(UncommonField`1 templateDataField, FrameworkElement container)
   at System.Windows.FrameworkElement.ApplyTemplate()
   at System.Windows.FrameworkElement.MeasureCore(Size availableSize)
   at System.Windows.UIElement.Measure(Size availableSize)
   at System.Windows.Controls.StackPanel.StackMeasureHelper(IStackMeasure measureElement, IStackMeasureScrollData scrollData, Size constraint)
   at System.Windows.Controls.StackPanel.MeasureOverride(Size constraint)
   at System.Windows.FrameworkElement.MeasureCore(Size availableSize)
   at System.Windows.UIElement.Measure(Size availableSize)
   at MS.Internal.Helper.MeasureElementWithSingleChild(UIElement element, Size constraint)
   at System.Windows.FrameworkElement.MeasureCore(Size availableSize)
   at System.Windows.UIElement.Measure(Size availableSize)
   at MS.Internal.Helper.MeasureElementWithSingleChild(UIElement element, Size constraint)
   at System.Windows.Controls.ScrollContentPresenter.MeasureOverride(Size constraint)
   at System.Windows.FrameworkElement.MeasureCore(Size availableSize)
   at System.Windows.UIElement.Measure(Size availableSize)
   at System.Windows.Controls.Grid.MeasureCell(Int32 cell, Boolean forceInfinityV)
   at System.Windows.Controls.Grid.MeasureCellsGroup(Int32 cellsHead, Size referenceSize, Boolean ignoreDesiredSizeU, Boolean forceInfinityV, Boolean& hasDesiredSizeUChanged)
   at System.Windows.Controls.Grid.MeasureOverride(Size constraint)
   at System.Windows.FrameworkElement.MeasureCore(Size availableSize)
   at System.Windows.UIElement.Measure(Size availableSize)
   at System.Windows.Controls.ScrollViewer.MeasureOverride(Size constraint)
   at System.Windows.FrameworkElement.MeasureCore(Size availableSize)
   at System.Windows.UIElement.Measure(Size availableSize)
   at System.Windows.Controls.Border.MeasureOverride(Size constraint)
   at System.Windows.FrameworkElement.MeasureCore(Size availableSize)
   at System.Windows.UIElement.Measure(Size availableSize)
   at System.Windows.Controls.Control.MeasureOverride(Size constraint)
   at System.Windows.Controls.DataGrid.MeasureOverride(Size availableSize)
   at System.Windows.FrameworkElement.MeasureCore(Size availableSize)
   at System.Windows.UIElement.Measure(Size availableSize)
   at System.Windows.Controls.Grid.MeasureCell(Int32 cell, Boolean forceInfinityV)
   at System.Windows.Controls.Grid.MeasureCellsGroup(Int32 cellsHead, Size referenceSize, Boolean ignoreDesiredSizeU, Boolean forceInfinityV, Boolean& hasDesiredSizeUChanged)
   at System.Windows.Controls.Grid.MeasureOverride(Size constraint)
   at System.Windows.FrameworkElement.MeasureCore(Size availableSize)
   at System.Windows.UIElement.Measure(Size availableSize)
   at MS.Internal.Helper.MeasureElementWithSingleChild(UIElement element, Size constraint)
   at System.Windows.FrameworkElement.MeasureCore(Size availableSize)
   at System.Windows.UIElement.Measure(Size availableSize)
   at System.Windows.Controls.Border.MeasureOverride(Size constraint)
   at System.Windows.FrameworkElement.MeasureCore(Size availableSize)
   at System.Windows.UIElement.Measure(Size availableSize)
   at System.Windows.Controls.Control.MeasureOverride(Size constraint)
   at System.Windows.FrameworkElement.MeasureCore(Size availableSize)
   at System.Windows.UIElement.Measure(Size availableSize)
   at MS.Internal.Helper.MeasureElementWithSingleChild(UIElement element, Size constraint)
   at System.Windows.FrameworkElement.MeasureCore(Size availableSize)
   at System.Windows.UIElement.Measure(Size availableSize)
   at System.Windows.Controls.Border.MeasureOverride(Size constraint)
   at System.Windows.FrameworkElement.MeasureCore(Size availableSize)
   at System.Windows.UIElement.Measure(Size availableSize)
   at System.Windows.Controls.Grid.MeasureCell(Int32 cell, Boolean forceInfinityV)
   at System.Windows.Controls.Grid.MeasureCellsGroup(Int32 cellsHead, Size referenceSize, Boolean ignoreDesiredSizeU, Boolean forceInfinityV, Boolean& hasDesiredSizeUChanged)
   at System.Windows.Controls.Grid.MeasureOverride(Size constraint)
   at System.Windows.FrameworkElement.MeasureCore(Size availableSize)
   at System.Windows.UIElement.Measure(Size availableSize)
   at System.Windows.Controls.Control.MeasureOverride(Size constraint)
   at System.Windows.FrameworkElement.MeasureCore(Size availableSize)
   at System.Windows.UIElement.Measure(Size availableSize)
   at System.Windows.Controls.Grid.MeasureCell(Int32 cell, Boolean forceInfinityV)
   at System.Windows.Controls.Grid.MeasureCellsGroup(Int32 cellsHead, Size referenceSize, Boolean ignoreDesiredSizeU, Boolean forceInfinityV, Boolean& hasDesiredSizeUChanged)
   at System.Windows.Controls.Grid.MeasureOverride(Size constraint)
   at System.Windows.FrameworkElement.MeasureCore(Size availableSize)
   at System.Windows.UIElement.Measure(Size availableSize)
   at MS.Internal.Helper.MeasureElementWithSingleChild(UIElement element, Size constraint)
   at System.Windows.FrameworkElement.MeasureCore(Size availableSize)
   at System.Windows.UIElement.Measure(Size availableSize)
   at System.Windows.Controls.Decorator.MeasureOverride(Size constraint)
   at System.Windows.Documents.AdornerDecorator.MeasureOverride(Size constraint)
   at System.Windows.FrameworkElement.MeasureCore(Size availableSize)
   at System.Windows.UIElement.Measure(Size availableSize)
   at System.Windows.Controls.Border.MeasureOverride(Size constraint)
   at System.Windows.FrameworkElement.MeasureCore(Size availableSize)
   at System.Windows.UIElement.Measure(Size availableSize)
   at System.Windows.Window.MeasureOverrideHelper(Size constraint)
   at System.Windows.Window.MeasureOverride(Size availableSize)
   at System.Windows.FrameworkElement.MeasureCore(Size availableSize)
   at System.Windows.UIElement.Measure(Size availableSize)
   at System.Windows.ContextLayoutManager.UpdateLayout()
   at System.Windows.ContextLayoutManager.UpdateLayoutCallback(Object arg)
   at System.Windows.Media.MediaContext.FireInvokeOnRenderCallbacks()
   at System.Windows.Media.MediaContext.RenderMessageHandlerCore(Object resizedCompositionTarget)
   at System.Windows.Media.MediaContext.RenderMessageHandler(Object resizedCompositionTarget)
   at System.Windows.Threading.ExceptionWrapper.InternalRealCall(Delegate callback, Object args, Int32 numArgs)
   at System.Windows.Threading.ExceptionWrapper.TryCatchWhen(Object source, Delegate callback, Object args, Int32 numArgs, Delegate catchHandler)

[2026-05-01 00:27:04] [Dispatcher]
System.Windows.Markup.XamlParseException: Provide value on 'System.Windows.Data.Binding' threw an exception.
 ---> System.InvalidOperationException: Two-way binding requires Path or XPath.
   at System.Windows.Data.BindingExpression.CreateBindingExpression(DependencyObject d, DependencyProperty dp, Binding binding, BindingExpressionBase parent)
   at System.Windows.Data.BindingBase.ProvideValue(IServiceProvider serviceProvider)
   at MS.Internal.Xaml.Runtime.ClrObjectRuntime.CallProvideValue(MarkupExtension me, IServiceProvider serviceProvider)
   --- End of inner exception stack trace ---
   at System.Windows.Markup.XamlReader.RewrapException(Exception e, IXamlLineInfo lineInfo, Uri baseUri)
   at System.Windows.Markup.XamlReader.RewrapException(Exception e, Uri baseUri)
   at System.Windows.FrameworkTemplate.LoadTemplateXaml(XamlReader templateReader, XamlObjectWriter currentWriter)
   at System.Windows.FrameworkTemplate.LoadOptimizedTemplateContent(DependencyObject container, IComponentConnector componentConnector, IStyleConnector styleConnector, List`1 affectedChildren, UncommonField`1 templatedNonFeChildrenField)
   at System.Windows.FrameworkTemplate.LoadContent(DependencyObject container, List`1 affectedChildren)
   at System.Windows.StyleHelper.ApplyTemplateContent(UncommonField`1 dataField, DependencyObject container, FrameworkElementFactory templateRoot, Int32 lastChildIndex, HybridDictionary childIndexFromChildID, FrameworkTemplate frameworkTemplate)
   at System.Windows.FrameworkTemplate.ApplyTemplateContent(UncommonField`1 templateDataField, FrameworkElement container)
   at System.Windows.FrameworkElement.ApplyTemplate()
   at System.Windows.FrameworkElement.MeasureCore(Size availableSize)
   at System.Windows.UIElement.Measure(Size availableSize)
   at System.Windows.Controls.StackPanel.StackMeasureHelper(IStackMeasure measureElement, IStackMeasureScrollData scrollData, Size constraint)
   at System.Windows.Controls.StackPanel.MeasureOverride(Size constraint)
   at System.Windows.FrameworkElement.MeasureCore(Size availableSize)
   at System.Windows.UIElement.Measure(Size availableSize)
   at MS.Internal.Helper.MeasureElementWithSingleChild(UIElement element, Size constraint)
   at System.Windows.FrameworkElement.MeasureCore(Size availableSize)
   at System.Windows.UIElement.Measure(Size availableSize)
   at MS.Internal.Helper.MeasureElementWithSingleChild(UIElement element, Size constraint)
   at System.Windows.Controls.ScrollContentPresenter.MeasureOverride(Size constraint)
   at System.Windows.FrameworkElement.MeasureCore(Size availableSize)
   at System.Windows.UIElement.Measure(Size availableSize)
   at System.Windows.Controls.Grid.MeasureCell(Int32 cell, Boolean forceInfinityV)
   at System.Windows.Controls.Grid.MeasureCellsGroup(Int32 cellsHead, Size referenceSize, Boolean ignoreDesiredSizeU, Boolean forceInfinityV, Boolean& hasDesiredSizeUChanged)
   at System.Windows.Controls.Grid.MeasureOverride(Size constraint)
   at System.Windows.FrameworkElement.MeasureCore(Size availableSize)
   at System.Windows.UIElement.Measure(Size availableSize)
   at System.Windows.Controls.ScrollViewer.MeasureOverride(Size constraint)
   at System.Windows.FrameworkElement.MeasureCore(Size availableSize)
   at System.Windows.UIElement.Measure(Size availableSize)
   at System.Windows.Controls.Border.MeasureOverride(Size constraint)
   at System.Windows.FrameworkElement.MeasureCore(Size availableSize)
   at System.Windows.UIElement.Measure(Size availableSize)
   at System.Windows.Controls.Control.MeasureOverride(Size constraint)
   at System.Windows.Controls.DataGrid.MeasureOverride(Size availableSize)
   at System.Windows.FrameworkElement.MeasureCore(Size availableSize)
   at System.Windows.UIElement.Measure(Size availableSize)
   at System.Windows.Controls.Grid.MeasureCell(Int32 cell, Boolean forceInfinityV)
   at System.Windows.Controls.Grid.MeasureCellsGroup(Int32 cellsHead, Size referenceSize, Boolean ignoreDesiredSizeU, Boolean forceInfinityV, Boolean& hasDesiredSizeUChanged)
   at System.Windows.Controls.Grid.MeasureOverride(Size constraint)
   at System.Windows.FrameworkElement.MeasureCore(Size availableSize)
   at System.Windows.UIElement.Measure(Size availableSize)
   at MS.Internal.Helper.MeasureElementWithSingleChild(UIElement element, Size constraint)
   at System.Windows.FrameworkElement.MeasureCore(Size availableSize)
   at System.Windows.UIElement.Measure(Size availableSize)
   at System.Windows.Controls.Border.MeasureOverride(Size constraint)
   at System.Windows.FrameworkElement.MeasureCore(Size availableSize)
   at System.Windows.UIElement.Measure(Size availableSize)
   at System.Windows.Controls.Control.MeasureOverride(Size constraint)
   at System.Windows.FrameworkElement.MeasureCore(Size availableSize)
   at System.Windows.UIElement.Measure(Size availableSize)
   at MS.Internal.Helper.MeasureElementWithSingleChild(UIElement element, Size constraint)
   at System.Windows.FrameworkElement.MeasureCore(Size availableSize)
   at System.Windows.UIElement.Measure(Size availableSize)
   at System.Windows.Controls.Border.MeasureOverride(Size constraint)
   at System.Windows.FrameworkElement.MeasureCore(Size availableSize)
   at System.Windows.UIElement.Measure(Size availableSize)
   at System.Windows.Controls.Grid.MeasureCell(Int32 cell, Boolean forceInfinityV)
   at System.Windows.Controls.Grid.MeasureCellsGroup(Int32 cellsHead, Size referenceSize, Boolean ignoreDesiredSizeU, Boolean forceInfinityV, Boolean& hasDesiredSizeUChanged)
   at System.Windows.Controls.Grid.MeasureOverride(Size constraint)
   at System.Windows.FrameworkElement.MeasureCore(Size availableSize)
   at System.Windows.UIElement.Measure(Size availableSize)
   at System.Windows.Controls.Control.MeasureOverride(Size constraint)
   at System.Windows.FrameworkElement.MeasureCore(Size availableSize)
   at System.Windows.UIElement.Measure(Size availableSize)
   at System.Windows.Controls.Grid.MeasureCell(Int32 cell, Boolean forceInfinityV)
   at System.Windows.Controls.Grid.MeasureCellsGroup(Int32 cellsHead, Size referenceSize, Boolean ignoreDesiredSizeU, Boolean forceInfinityV, Boolean& hasDesiredSizeUChanged)
   at System.Windows.Controls.Grid.MeasureOverride(Size constraint)
   at System.Windows.FrameworkElement.MeasureCore(Size availableSize)
   at System.Windows.UIElement.Measure(Size availableSize)
   at MS.Internal.Helper.MeasureElementWithSingleChild(UIElement element, Size constraint)
   at System.Windows.FrameworkElement.MeasureCore(Size availableSize)
   at System.Windows.UIElement.Measure(Size availableSize)
   at System.Windows.Controls.Decorator.MeasureOverride(Size constraint)
   at System.Windows.Documents.AdornerDecorator.MeasureOverride(Size constraint)
   at System.Windows.FrameworkElement.MeasureCore(Size availableSize)
   at System.Windows.UIElement.Measure(Size availableSize)
   at System.Windows.Controls.Border.MeasureOverride(Size constraint)
   at System.Windows.FrameworkElement.MeasureCore(Size availableSize)
   at System.Windows.UIElement.Measure(Size availableSize)
   at System.Windows.Window.MeasureOverrideHelper(Size constraint)
   at System.Windows.Window.MeasureOverride(Size availableSize)
   at System.Windows.FrameworkElement.MeasureCore(Size availableSize)
   at System.Windows.UIElement.Measure(Size availableSize)
   at System.Windows.ContextLayoutManager.UpdateLayout()
   at System.Windows.ContextLayoutManager.UpdateLayoutCallback(Object arg)
   at System.Windows.Media.MediaContext.FireInvokeOnRenderCallbacks()
   at System.Windows.Media.MediaContext.RenderMessageHandlerCore(Object resizedCompositionTarget)
   at System.Windows.Media.MediaContext.RenderMessageHandler(Object resizedCompositionTarget)
   at System.Windows.Threading.ExceptionWrapper.InternalRealCall(Delegate callback, Object args, Int32 numArgs)
   at System.Windows.Threading.ExceptionWrapper.TryCatchWhen(Object source, Delegate callback, Object args, Int32 numArgs, Delegate catchHandler)

[2026-05-01 00:27:04] [Dispatcher]
System.Windows.Markup.XamlParseException: Provide value on 'System.Windows.Data.Binding' threw an exception.
 ---> System.InvalidOperationException: Two-way binding requires Path or XPath.
   at System.Windows.Data.BindingExpression.CreateBindingExpression(DependencyObject d, DependencyProperty dp, Binding binding, BindingExpressionBase parent)
   at System.Windows.Data.BindingBase.ProvideValue(IServiceProvider serviceProvider)
   at MS.Internal.Xaml.Runtime.ClrObjectRuntime.CallProvideValue(MarkupExtension me, IServiceProvider serviceProvider)
   --- End of inner exception stack trace ---
   at System.Windows.Markup.XamlReader.RewrapException(Exception e, IXamlLineInfo lineInfo, Uri baseUri)
   at System.Windows.Markup.XamlReader.RewrapException(Exception e, Uri baseUri)
   at System.Windows.FrameworkTemplate.LoadTemplateXaml(XamlReader templateReader, XamlObjectWriter currentWriter)
   at System.Windows.FrameworkTemplate.LoadOptimizedTemplateContent(DependencyObject container, IComponentConnector componentConnector, IStyleConnector styleConnector, List`1 affectedChildren, UncommonField`1 templatedNonFeChildrenField)
   at System.Windows.FrameworkTemplate.LoadContent(DependencyObject container, List`1 affectedChildren)
   at System.Windows.StyleHelper.ApplyTemplateContent(UncommonField`1 dataField, DependencyObject container, FrameworkElementFactory templateRoot, Int32 lastChildIndex, HybridDictionary childIndexFromChildID, FrameworkTemplate frameworkTemplate)
   at System.Windows.FrameworkTemplate.ApplyTemplateContent(UncommonField`1 templateDataField, FrameworkElement container)
   at System.Windows.FrameworkElement.ApplyTemplate()
   at System.Windows.FrameworkElement.MeasureCore(Size availableSize)
   at System.Windows.UIElement.Measure(Size availableSize)
   at System.Windows.Controls.StackPanel.StackMeasureHelper(IStackMeasure measureElement, IStackMeasureScrollData scrollData, Size constraint)
   at System.Windows.Controls.StackPanel.MeasureOverride(Size constraint)
   at System.Windows.FrameworkElement.MeasureCore(Size availableSize)
   at System.Windows.UIElement.Measure(Size availableSize)
   at MS.Internal.Helper.MeasureElementWithSingleChild(UIElement element, Size constraint)
   at System.Windows.FrameworkElement.MeasureCore(Size availableSize)
   at System.Windows.UIElement.Measure(Size availableSize)
   at MS.Internal.Helper.MeasureElementWithSingleChild(UIElement element, Size constraint)
   at System.Windows.Controls.ScrollContentPresenter.MeasureOverride(Size constraint)
   at System.Windows.FrameworkElement.MeasureCore(Size availableSize)
   at System.Windows.UIElement.Measure(Size availableSize)
   at System.Windows.Controls.Grid.MeasureCell(Int32 cell, Boolean forceInfinityV)
   at System.Windows.Controls.Grid.MeasureCellsGroup(Int32 cellsHead, Size referenceSize, Boolean ignoreDesiredSizeU, Boolean forceInfinityV, Boolean& hasDesiredSizeUChanged)
   at System.Windows.Controls.Grid.MeasureOverride(Size constraint)
   at System.Windows.FrameworkElement.MeasureCore(Size availableSize)
   at System.Windows.UIElement.Measure(Size availableSize)
   at System.Windows.Controls.ScrollViewer.MeasureOverride(Size constraint)
   at System.Windows.FrameworkElement.MeasureCore(Size availableSize)
   at System.Windows.UIElement.Measure(Size availableSize)
   at System.Windows.Controls.Border.MeasureOverride(Size constraint)
   at System.Windows.FrameworkElement.MeasureCore(Size availableSize)
   at System.Windows.UIElement.Measure(Size availableSize)
   at System.Windows.Controls.Control.MeasureOverride(Size constraint)
   at System.Windows.Controls.DataGrid.MeasureOverride(Size availableSize)
   at System.Windows.FrameworkElement.MeasureCore(Size availableSize)
   at System.Windows.UIElement.Measure(Size availableSize)
   at System.Windows.Controls.Grid.MeasureCell(Int32 cell, Boolean forceInfinityV)
   at System.Windows.Controls.Grid.MeasureCellsGroup(Int32 cellsHead, Size referenceSize, Boolean ignoreDesiredSizeU, Boolean forceInfinityV, Boolean& hasDesiredSizeUChanged)
   at System.Windows.Controls.Grid.MeasureOverride(Size constraint)
   at System.Windows.FrameworkElement.MeasureCore(Size availableSize)
   at System.Windows.UIElement.Measure(Size availableSize)
   at MS.Internal.Helper.MeasureElementWithSingleChild(UIElement element, Size constraint)
   at System.Windows.FrameworkElement.MeasureCore(Size availableSize)
   at System.Windows.UIElement.Measure(Size availableSize)
   at System.Windows.Controls.Border.MeasureOverride(Size constraint)
   at System.Windows.FrameworkElement.MeasureCore(Size availableSize)
   at System.Windows.UIElement.Measure(Size availableSize)
   at System.Windows.Controls.Control.MeasureOverride(Size constraint)
   at System.Windows.FrameworkElement.MeasureCore(Size availableSize)
   at System.Windows.UIElement.Measure(Size availableSize)
   at MS.Internal.Helper.MeasureElementWithSingleChild(UIElement element, Size constraint)
   at System.Windows.FrameworkElement.MeasureCore(Size availableSize)
   at System.Windows.UIElement.Measure(Size availableSize)
   at System.Windows.Controls.Border.MeasureOverride(Size constraint)
   at System.Windows.FrameworkElement.MeasureCore(Size availableSize)
   at System.Windows.UIElement.Measure(Size availableSize)
   at System.Windows.Controls.Grid.MeasureCell(Int32 cell, Boolean forceInfinityV)
   at System.Windows.Controls.Grid.MeasureCellsGroup(Int32 cellsHead, Size referenceSize, Boolean ignoreDesiredSizeU, Boolean forceInfinityV, Boolean& hasDesiredSizeUChanged)
   at System.Windows.Controls.Grid.MeasureOverride(Size constraint)
   at System.Windows.FrameworkElement.MeasureCore(Size availableSize)
   at System.Windows.UIElement.Measure(Size availableSize)
   at System.Windows.Controls.Control.MeasureOverride(Size constraint)
   at System.Windows.FrameworkElement.MeasureCore(Size availableSize)
   at System.Windows.UIElement.Measure(Size availableSize)
   at System.Windows.Controls.Grid.MeasureCell(Int32 cell, Boolean forceInfinityV)
   at System.Windows.Controls.Grid.MeasureCellsGroup(Int32 cellsHead, Size referenceSize, Boolean ignoreDesiredSizeU, Boolean forceInfinityV, Boolean& hasDesiredSizeUChanged)
   at System.Windows.Controls.Grid.MeasureOverride(Size constraint)
   at System.Windows.FrameworkElement.MeasureCore(Size availableSize)
   at System.Windows.UIElement.Measure(Size availableSize)
   at MS.Internal.Helper.MeasureElementWithSingleChild(UIElement element, Size constraint)
   at System.Windows.FrameworkElement.MeasureCore(Size availableSize)
   at System.Windows.UIElement.Measure(Size availableSize)
   at System.Windows.Controls.Decorator.MeasureOverride(Size constraint)
   at System.Windows.Documents.AdornerDecorator.MeasureOverride(Size constraint)
   at System.Windows.FrameworkElement.MeasureCore(Size availableSize)
   at System.Windows.UIElement.Measure(Size availableSize)
   at System.Windows.Controls.Border.MeasureOverride(Size constraint)
   at System.Windows.FrameworkElement.MeasureCore(Size availableSize)
   at System.Windows.UIElement.Measure(Size availableSize)
   at System.Windows.Window.MeasureOverrideHelper(Size constraint)
   at System.Windows.Window.MeasureOverride(Size availableSize)
   at System.Windows.FrameworkElement.MeasureCore(Size availableSize)
   at System.Windows.UIElement.Measure(Size availableSize)
   at System.Windows.ContextLayoutManager.UpdateLayout()
   at System.Windows.ContextLayoutManager.UpdateLayoutCallback(Object arg)
   at System.Windows.Media.MediaContext.FireInvokeOnRenderCallbacks()
   at System.Windows.Media.MediaContext.RenderMessageHandlerCore(Object resizedCompositionTarget)
   at System.Windows.Media.MediaContext.RenderMessageHandler(Object resizedCompositionTarget)
   at System.Windows.Threading.ExceptionWrapper.InternalRealCall(Delegate callback, Object args, Int32 numArgs)
   at System.Windows.Threading.ExceptionWrapper.TryCatchWhen(Object source, Delegate callback, Object args, Int32 numArgs, Delegate catchHandler)

[2026-05-01 00:27:04] [Dispatcher]
System.Windows.Markup.XamlParseException: Provide value on 'System.Windows.Data.Binding' threw an exception.
 ---> System.InvalidOperationException: Two-way binding requires Path or XPath.
   at System.Windows.Data.BindingExpression.CreateBindingExpression(DependencyObject d, DependencyProperty dp, Binding binding, BindingExpressionBase parent)
   at System.Windows.Data.BindingBase.ProvideValue(IServiceProvider serviceProvider)
   at MS.Internal.Xaml.Runtime.ClrObjectRuntime.CallProvideValue(MarkupExtension me, IServiceProvider serviceProvider)
   --- End of inner exception stack trace ---
   at System.Windows.Markup.XamlReader.RewrapException(Exception e, IXamlLineInfo lineInfo, Uri baseUri)
   at System.Windows.Markup.XamlReader.RewrapException(Exception e, Uri baseUri)
   at System.Windows.FrameworkTemplate.LoadTemplateXaml(XamlReader templateReader, XamlObjectWriter currentWriter)
   at System.Windows.FrameworkTemplate.LoadOptimizedTemplateContent(DependencyObject container, IComponentConnector componentConnector, IStyleConnector styleConnector, List`1 affectedChildren, UncommonField`1 templatedNonFeChildrenField)
   at System.Windows.FrameworkTemplate.LoadContent(DependencyObject container, List`1 affectedChildren)
   at System.Windows.StyleHelper.ApplyTemplateContent(UncommonField`1 dataField, DependencyObject container, FrameworkElementFactory templateRoot, Int32 lastChildIndex, HybridDictionary childIndexFromChildID, FrameworkTemplate frameworkTemplate)
   at System.Windows.FrameworkTemplate.ApplyTemplateContent(UncommonField`1 templateDataField, FrameworkElement container)
   at System.Windows.FrameworkElement.ApplyTemplate()
   at System.Windows.FrameworkElement.MeasureCore(Size availableSize)
   at System.Windows.UIElement.Measure(Size availableSize)
   at System.Windows.Controls.StackPanel.StackMeasureHelper(IStackMeasure measureElement, IStackMeasureScrollData scrollData, Size constraint)
   at System.Windows.Controls.StackPanel.MeasureOverride(Size constraint)
   at System.Windows.FrameworkElement.MeasureCore(Size availableSize)
   at System.Windows.UIElement.Measure(Size availableSize)
   at MS.Internal.Helper.MeasureElementWithSingleChild(UIElement element, Size constraint)
   at System.Windows.FrameworkElement.MeasureCore(Size availableSize)
   at System.Windows.UIElement.Measure(Size availableSize)
   at MS.Internal.Helper.MeasureElementWithSingleChild(UIElement element, Size constraint)
   at System.Windows.Controls.ScrollContentPresenter.MeasureOverride(Size constraint)
   at System.Windows.FrameworkElement.MeasureCore(Size availableSize)
   at System.Windows.UIElement.Measure(Size availableSize)
   at System.Windows.Controls.Grid.MeasureCell(Int32 cell, Boolean forceInfinityV)
   at System.Windows.Controls.Grid.MeasureCellsGroup(Int32 cellsHead, Size referenceSize, Boolean ignoreDesiredSizeU, Boolean forceInfinityV, Boolean& hasDesiredSizeUChanged)
   at System.Windows.Controls.Grid.MeasureOverride(Size constraint)
   at System.Windows.FrameworkElement.MeasureCore(Size availableSize)
   at System.Windows.UIElement.Measure(Size availableSize)
   at System.Windows.Controls.ScrollViewer.MeasureOverride(Size constraint)
   at System.Windows.FrameworkElement.MeasureCore(Size availableSize)
   at System.Windows.UIElement.Measure(Size availableSize)
   at System.Windows.Controls.Border.MeasureOverride(Size constraint)
   at System.Windows.FrameworkElement.MeasureCore(Size availableSize)
   at System.Windows.UIElement.Measure(Size availableSize)
   at System.Windows.Controls.Control.MeasureOverride(Size constraint)
   at System.Windows.Controls.DataGrid.MeasureOverride(Size availableSize)
   at System.Windows.FrameworkElement.MeasureCore(Size availableSize)
   at System.Windows.UIElement.Measure(Size availableSize)
   at System.Windows.Controls.Grid.MeasureCell(Int32 cell, Boolean forceInfinityV)
   at System.Windows.Controls.Grid.MeasureCellsGroup(Int32 cellsHead, Size referenceSize, Boolean ignoreDesiredSizeU, Boolean forceInfinityV, Boolean& hasDesiredSizeUChanged)
   at System.Windows.Controls.Grid.MeasureOverride(Size constraint)
   at System.Windows.FrameworkElement.MeasureCore(Size availableSize)
   at System.Windows.UIElement.Measure(Size availableSize)
   at MS.Internal.Helper.MeasureElementWithSingleChild(UIElement element, Size constraint)
   at System.Windows.FrameworkElement.MeasureCore(Size availableSize)
   at System.Windows.UIElement.Measure(Size availableSize)
   at System.Windows.Controls.Border.MeasureOverride(Size constraint)
   at System.Windows.FrameworkElement.MeasureCore(Size availableSize)
   at System.Windows.UIElement.Measure(Size availableSize)
   at System.Windows.Controls.Control.MeasureOverride(Size constraint)
   at System.Windows.FrameworkElement.MeasureCore(Size availableSize)
   at System.Windows.UIElement.Measure(Size availableSize)
   at MS.Internal.Helper.MeasureElementWithSingleChild(UIElement element, Size constraint)
   at System.Windows.FrameworkElement.MeasureCore(Size availableSize)
   at System.Windows.UIElement.Measure(Size availableSize)
   at System.Windows.Controls.Border.MeasureOverride(Size constraint)
   at System.Windows.FrameworkElement.MeasureCore(Size availableSize)
   at System.Windows.UIElement.Measure(Size availableSize)
   at System.Windows.Controls.Grid.MeasureCell(Int32 cell, Boolean forceInfinityV)
   at System.Windows.Controls.Grid.MeasureCellsGroup(Int32 cellsHead, Size referenceSize, Boolean ignoreDesiredSizeU, Boolean forceInfinityV, Boolean& hasDesiredSizeUChanged)
   at System.Windows.Controls.Grid.MeasureOverride(Size constraint)
   at System.Windows.FrameworkElement.MeasureCore(Size availableSize)
   at System.Windows.UIElement.Measure(Size availableSize)
   at System.Windows.Controls.Control.MeasureOverride(Size constraint)
   at System.Windows.FrameworkElement.MeasureCore(Size availableSize)
   at System.Windows.UIElement.Measure(Size availableSize)
   at System.Windows.Controls.Grid.MeasureCell(Int32 cell, Boolean forceInfinityV)
   at System.Windows.Controls.Grid.MeasureCellsGroup(Int32 cellsHead, Size referenceSize, Boolean ignoreDesiredSizeU, Boolean forceInfinityV, Boolean& hasDesiredSizeUChanged)
   at System.Windows.Controls.Grid.MeasureOverride(Size constraint)
   at System.Windows.FrameworkElement.MeasureCore(Size availableSize)
   at System.Windows.UIElement.Measure(Size availableSize)
   at MS.Internal.Helper.MeasureElementWithSingleChild(UIElement element, Size constraint)
   at System.Windows.FrameworkElement.MeasureCore(Size availableSize)
   at System.Windows.UIElement.Measure(Size availableSize)
   at System.Windows.Controls.Decorator.MeasureOverride(Size constraint)
   at System.Windows.Documents.AdornerDecorator.MeasureOverride(Size constraint)
   at System.Windows.FrameworkElement.MeasureCore(Size availableSize)
   at System.Windows.UIElement.Measure(Size availableSize)
   at System.Windows.Controls.Border.MeasureOverride(Size constraint)
   at System.Windows.FrameworkElement.MeasureCore(Size availableSize)
   at System.Windows.UIElement.Measure(Size availableSize)
   at System.Windows.Window.MeasureOverrideHelper(Size constraint)
   at System.Windows.Window.MeasureOverride(Size availableSize)
   at System.Windows.FrameworkElement.MeasureCore(Size availableSize)
   at System.Windows.UIElement.Measure(Size availableSize)
   at System.Windows.ContextLayoutManager.UpdateLayout()
   at System.Windows.ContextLayoutManager.UpdateLayoutCallback(Object arg)
   at System.Windows.Media.MediaContext.FireInvokeOnRenderCallbacks()
   at System.Windows.Media.MediaContext.RenderMessageHandlerCore(Object resizedCompositionTarget)
   at System.Windows.Media.MediaContext.RenderMessageHandler(Object resizedCompositionTarget)
   at System.Windows.Threading.ExceptionWrapper.InternalRealCall(Delegate callback, Object args, Int32 numArgs)
   at System.Windows.Threading.ExceptionWrapper.TryCatchWhen(Object source, Delegate callback, Object args, Int32 numArgs, Delegate catchHandler)

[2026-05-01 00:27:04] [Dispatcher]
System.Windows.Markup.XamlParseException: Provide value on 'System.Windows.Data.Binding' threw an exception.
 ---> System.InvalidOperationException: Two-way binding requires Path or XPath.
   at System.Windows.Data.BindingExpression.CreateBindingExpression(DependencyObject d, DependencyProperty dp, Binding binding, BindingExpressionBase parent)
   at System.Windows.Data.BindingBase.ProvideValue(IServiceProvider serviceProvider)
   at MS.Internal.Xaml.Runtime.ClrObjectRuntime.CallProvideValue(MarkupExtension me, IServiceProvider serviceProvider)
   --- End of inner exception stack trace ---
   at System.Windows.Markup.XamlReader.RewrapException(Exception e, IXamlLineInfo lineInfo, Uri baseUri)
   at System.Windows.Markup.XamlReader.RewrapException(Exception e, Uri baseUri)
   at System.Windows.FrameworkTemplate.LoadTemplateXaml(XamlReader templateReader, XamlObjectWriter currentWriter)
   at System.Windows.FrameworkTemplate.LoadOptimizedTemplateContent(DependencyObject container, IComponentConnector componentConnector, IStyleConnector styleConnector, List`1 affectedChildren, UncommonField`1 templatedNonFeChildrenField)
   at System.Windows.FrameworkTemplate.LoadContent(DependencyObject container, List`1 affectedChildren)
   at System.Windows.StyleHelper.ApplyTemplateContent(UncommonField`1 dataField, DependencyObject container, FrameworkElementFactory templateRoot, Int32 lastChildIndex, HybridDictionary childIndexFromChildID, FrameworkTemplate frameworkTemplate)
   at System.Windows.FrameworkTemplate.ApplyTemplateContent(UncommonField`1 templateDataField, FrameworkElement container)
   at System.Windows.FrameworkElement.ApplyTemplate()
   at System.Windows.FrameworkElement.MeasureCore(Size availableSize)
   at System.Windows.UIElement.Measure(Size availableSize)
   at System.Windows.Controls.StackPanel.StackMeasureHelper(IStackMeasure measureElement, IStackMeasureScrollData scrollData, Size constraint)
   at System.Windows.Controls.StackPanel.MeasureOverride(Size constraint)
   at System.Windows.FrameworkElement.MeasureCore(Size availableSize)
   at System.Windows.UIElement.Measure(Size availableSize)
   at MS.Internal.Helper.MeasureElementWithSingleChild(UIElement element, Size constraint)
   at System.Windows.FrameworkElement.MeasureCore(Size availableSize)
   at System.Windows.UIElement.Measure(Size availableSize)
   at MS.Internal.Helper.MeasureElementWithSingleChild(UIElement element, Size constraint)
   at System.Windows.Controls.ScrollContentPresenter.MeasureOverride(Size constraint)
   at System.Windows.FrameworkElement.MeasureCore(Size availableSize)
   at System.Windows.UIElement.Measure(Size availableSize)
   at System.Windows.Controls.Grid.MeasureCell(Int32 cell, Boolean forceInfinityV)
   at System.Windows.Controls.Grid.MeasureCellsGroup(Int32 cellsHead, Size referenceSize, Boolean ignoreDesiredSizeU, Boolean forceInfinityV, Boolean& hasDesiredSizeUChanged)
   at System.Windows.Controls.Grid.MeasureOverride(Size constraint)
   at System.Windows.FrameworkElement.MeasureCore(Size availableSize)
   at System.Windows.UIElement.Measure(Size availableSize)
   at System.Windows.Controls.ScrollViewer.MeasureOverride(Size constraint)
   at System.Windows.FrameworkElement.MeasureCore(Size availableSize)
   at System.Windows.UIElement.Measure(Size availableSize)
   at System.Windows.Controls.Border.MeasureOverride(Size constraint)
   at System.Windows.FrameworkElement.MeasureCore(Size availableSize)
   at System.Windows.UIElement.Measure(Size availableSize)
   at System.Windows.Controls.Control.MeasureOverride(Size constraint)
   at System.Windows.Controls.DataGrid.MeasureOverride(Size availableSize)
   at System.Windows.FrameworkElement.MeasureCore(Size availableSize)
   at System.Windows.UIElement.Measure(Size availableSize)
   at System.Windows.Controls.Grid.MeasureCell(Int32 cell, Boolean forceInfinityV)
   at System.Windows.Controls.Grid.MeasureCellsGroup(Int32 cellsHead, Size referenceSize, Boolean ignoreDesiredSizeU, Boolean forceInfinityV, Boolean& hasDesiredSizeUChanged)
   at System.Windows.Controls.Grid.MeasureOverride(Size constraint)
   at System.Windows.FrameworkElement.MeasureCore(Size availableSize)
   at System.Windows.UIElement.Measure(Size availableSize)
   at MS.Internal.Helper.MeasureElementWithSingleChild(UIElement element, Size constraint)
   at System.Windows.FrameworkElement.MeasureCore(Size availableSize)
   at System.Windows.UIElement.Measure(Size availableSize)
   at System.Windows.Controls.Border.MeasureOverride(Size constraint)
   at System.Windows.FrameworkElement.MeasureCore(Size availableSize)
   at System.Windows.UIElement.Measure(Size availableSize)
   at System.Windows.Controls.Control.MeasureOverride(Size constraint)
   at System.Windows.FrameworkElement.MeasureCore(Size availableSize)
   at System.Windows.UIElement.Measure(Size availableSize)
   at MS.Internal.Helper.MeasureElementWithSingleChild(UIElement element, Size constraint)
   at System.Windows.FrameworkElement.MeasureCore(Size availableSize)
   at System.Windows.UIElement.Measure(Size availableSize)
   at System.Windows.Controls.Border.MeasureOverride(Size constraint)
   at System.Windows.FrameworkElement.MeasureCore(Size availableSize)
   at System.Windows.UIElement.Measure(Size availableSize)
   at System.Windows.Controls.Grid.MeasureCell(Int32 cell, Boolean forceInfinityV)
   at System.Windows.Controls.Grid.MeasureCellsGroup(Int32 cellsHead, Size referenceSize, Boolean ignoreDesiredSizeU, Boolean forceInfinityV, Boolean& hasDesiredSizeUChanged)
   at System.Windows.Controls.Grid.MeasureOverride(Size constraint)
   at System.Windows.FrameworkElement.MeasureCore(Size availableSize)
   at System.Windows.UIElement.Measure(Size availableSize)
   at System.Windows.Controls.Control.MeasureOverride(Size constraint)
   at System.Windows.FrameworkElement.MeasureCore(Size availableSize)
   at System.Windows.UIElement.Measure(Size availableSize)
   at System.Windows.Controls.Grid.MeasureCell(Int32 cell, Boolean forceInfinityV)
   at System.Windows.Controls.Grid.MeasureCellsGroup(Int32 cellsHead, Size referenceSize, Boolean ignoreDesiredSizeU, Boolean forceInfinityV, Boolean& hasDesiredSizeUChanged)
   at System.Windows.Controls.Grid.MeasureOverride(Size constraint)
   at System.Windows.FrameworkElement.MeasureCore(Size availableSize)
   at System.Windows.UIElement.Measure(Size availableSize)
   at MS.Internal.Helper.MeasureElementWithSingleChild(UIElement element, Size constraint)
   at System.Windows.FrameworkElement.MeasureCore(Size availableSize)
   at System.Windows.UIElement.Measure(Size availableSize)
   at System.Windows.Controls.Decorator.MeasureOverride(Size constraint)
   at System.Windows.Documents.AdornerDecorator.MeasureOverride(Size constraint)
   at System.Windows.FrameworkElement.MeasureCore(Size availableSize)
   at System.Windows.UIElement.Measure(Size availableSize)
   at System.Windows.Controls.Border.MeasureOverride(Size constraint)
   at System.Windows.FrameworkElement.MeasureCore(Size availableSize)
   at System.Windows.UIElement.Measure(Size availableSize)
   at System.Windows.Window.MeasureOverrideHelper(Size constraint)
   at System.Windows.Window.MeasureOverride(Size availableSize)
   at System.Windows.FrameworkElement.MeasureCore(Size availableSize)
   at System.Windows.UIElement.Measure(Size availableSize)
   at System.Windows.ContextLayoutManager.UpdateLayout()
   at System.Windows.ContextLayoutManager.UpdateLayoutCallback(Object arg)
   at System.Windows.Media.MediaContext.FireInvokeOnRenderCallbacks()
   at System.Windows.Media.MediaContext.RenderMessageHandlerCore(Object resizedCompositionTarget)
   at System.Windows.Media.MediaContext.RenderMessageHandler(Object resizedCompositionTarget)
   at System.Windows.Threading.ExceptionWrapper.InternalRealCall(Delegate callback, Object args, Int32 numArgs)
   at System.Windows.Threading.ExceptionWrapper.TryCatchWhen(Object source, Delegate callback, Object args, Int32 numArgs, Delegate catchHandler)

[2026-05-01 00:27:04] [Dispatcher]
System.Windows.Markup.XamlParseException: Provide value on 'System.Windows.Data.Binding' threw an exception.
 ---> System.InvalidOperationException: Two-way binding requires Path or XPath.
   at System.Windows.Data.BindingExpression.CreateBindingExpression(DependencyObject d, DependencyProperty dp, Binding binding, BindingExpressionBase parent)
   at System.Windows.Data.BindingBase.ProvideValue(IServiceProvider serviceProvider)
   at MS.Internal.Xaml.Runtime.ClrObjectRuntime.CallProvideValue(MarkupExtension me, IServiceProvider serviceProvider)
   --- End of inner exception stack trace ---
   at System.Windows.Markup.XamlReader.RewrapException(Exception e, IXamlLineInfo lineInfo, Uri baseUri)
   at System.Windows.Markup.XamlReader.RewrapException(Exception e, Uri baseUri)
   at System.Windows.FrameworkTemplate.LoadTemplateXaml(XamlReader templateReader, XamlObjectWriter currentWriter)
   at System.Windows.FrameworkTemplate.LoadOptimizedTemplateContent(DependencyObject container, IComponentConnector componentConnector, IStyleConnector styleConnector, List`1 affectedChildren, UncommonField`1 templatedNonFeChildrenField)
   at System.Windows.FrameworkTemplate.LoadContent(DependencyObject container, List`1 affectedChildren)
   at System.Windows.StyleHelper.ApplyTemplateContent(UncommonField`1 dataField, DependencyObject container, FrameworkElementFactory templateRoot, Int32 lastChildIndex, HybridDictionary childIndexFromChildID, FrameworkTemplate frameworkTemplate)
   at System.Windows.FrameworkTemplate.ApplyTemplateContent(UncommonField`1 templateDataField, FrameworkElement container)
   at System.Windows.FrameworkElement.ApplyTemplate()
   at System.Windows.FrameworkElement.MeasureCore(Size availableSize)
   at System.Windows.UIElement.Measure(Size availableSize)
   at System.Windows.Controls.StackPanel.StackMeasureHelper(IStackMeasure measureElement, IStackMeasureScrollData scrollData, Size constraint)
   at System.Windows.Controls.StackPanel.MeasureOverride(Size constraint)
   at System.Windows.FrameworkElement.MeasureCore(Size availableSize)
   at System.Windows.UIElement.Measure(Size availableSize)
   at MS.Internal.Helper.MeasureElementWithSingleChild(UIElement element, Size constraint)
   at System.Windows.FrameworkElement.MeasureCore(Size availableSize)
   at System.Windows.UIElement.Measure(Size availableSize)
   at MS.Internal.Helper.MeasureElementWithSingleChild(UIElement element, Size constraint)
   at System.Windows.Controls.ScrollContentPresenter.MeasureOverride(Size constraint)
   at System.Windows.FrameworkElement.MeasureCore(Size availableSize)
   at System.Windows.UIElement.Measure(Size availableSize)
   at System.Windows.Controls.Grid.MeasureCell(Int32 cell, Boolean forceInfinityV)
   at System.Windows.Controls.Grid.MeasureCellsGroup(Int32 cellsHead, Size referenceSize, Boolean ignoreDesiredSizeU, Boolean forceInfinityV, Boolean& hasDesiredSizeUChanged)
   at System.Windows.Controls.Grid.MeasureOverride(Size constraint)
   at System.Windows.FrameworkElement.MeasureCore(Size availableSize)
   at System.Windows.UIElement.Measure(Size availableSize)
   at System.Windows.Controls.ScrollViewer.MeasureOverride(Size constraint)
   at System.Windows.FrameworkElement.MeasureCore(Size availableSize)
   at System.Windows.UIElement.Measure(Size availableSize)
   at System.Windows.Controls.Border.MeasureOverride(Size constraint)
   at System.Windows.FrameworkElement.MeasureCore(Size availableSize)
   at System.Windows.UIElement.Measure(Size availableSize)
   at System.Windows.Controls.Control.MeasureOverride(Size constraint)
   at System.Windows.Controls.DataGrid.MeasureOverride(Size availableSize)
   at System.Windows.FrameworkElement.MeasureCore(Size availableSize)
   at System.Windows.UIElement.Measure(Size availableSize)
   at System.Windows.Controls.Grid.MeasureCell(Int32 cell, Boolean forceInfinityV)
   at System.Windows.Controls.Grid.MeasureCellsGroup(Int32 cellsHead, Size referenceSize, Boolean ignoreDesiredSizeU, Boolean forceInfinityV, Boolean& hasDesiredSizeUChanged)
   at System.Windows.Controls.Grid.MeasureOverride(Size constraint)
   at System.Windows.FrameworkElement.MeasureCore(Size availableSize)
   at System.Windows.UIElement.Measure(Size availableSize)
   at MS.Internal.Helper.MeasureElementWithSingleChild(UIElement element, Size constraint)
   at System.Windows.FrameworkElement.MeasureCore(Size availableSize)
   at System.Windows.UIElement.Measure(Size availableSize)
   at System.Windows.Controls.Border.MeasureOverride(Size constraint)
   at System.Windows.FrameworkElement.MeasureCore(Size availableSize)
   at System.Windows.UIElement.Measure(Size availableSize)
   at System.Windows.Controls.Control.MeasureOverride(Size constraint)
   at System.Windows.FrameworkElement.MeasureCore(Size availableSize)
   at System.Windows.UIElement.Measure(Size availableSize)
   at MS.Internal.Helper.MeasureElementWithSingleChild(UIElement element, Size constraint)
   at System.Windows.FrameworkElement.MeasureCore(Size availableSize)
   at System.Windows.UIElement.Measure(Size availableSize)
   at System.Windows.Controls.Border.MeasureOverride(Size constraint)
   at System.Windows.FrameworkElement.MeasureCore(Size availableSize)
   at System.Windows.UIElement.Measure(Size availableSize)
   at System.Windows.Controls.Grid.MeasureCell(Int32 cell, Boolean forceInfinityV)
   at System.Windows.Controls.Grid.MeasureCellsGroup(Int32 cellsHead, Size referenceSize, Boolean ignoreDesiredSizeU, Boolean forceInfinityV, Boolean& hasDesiredSizeUChanged)
   at System.Windows.Controls.Grid.MeasureOverride(Size constraint)
   at System.Windows.FrameworkElement.MeasureCore(Size availableSize)
   at System.Windows.UIElement.Measure(Size availableSize)
   at System.Windows.Controls.Control.MeasureOverride(Size constraint)
   at System.Windows.FrameworkElement.MeasureCore(Size availableSize)
   at System.Windows.UIElement.Measure(Size availableSize)
   at System.Windows.Controls.Grid.MeasureCell(Int32 cell, Boolean forceInfinityV)
   at System.Windows.Controls.Grid.MeasureCellsGroup(Int32 cellsHead, Size referenceSize, Boolean ignoreDesiredSizeU, Boolean forceInfinityV, Boolean& hasDesiredSizeUChanged)
   at System.Windows.Controls.Grid.MeasureOverride(Size constraint)
   at System.Windows.FrameworkElement.MeasureCore(Size availableSize)
   at System.Windows.UIElement.Measure(Size availableSize)
   at MS.Internal.Helper.MeasureElementWithSingleChild(UIElement element, Size constraint)
   at System.Windows.FrameworkElement.MeasureCore(Size availableSize)
   at System.Windows.UIElement.Measure(Size availableSize)
   at System.Windows.Controls.Decorator.MeasureOverride(Size constraint)
   at System.Windows.Documents.AdornerDecorator.MeasureOverride(Size constraint)
   at System.Windows.FrameworkElement.MeasureCore(Size availableSize)
   at System.Windows.UIElement.Measure(Size availableSize)
   at System.Windows.Controls.Border.MeasureOverride(Size constraint)
   at System.Windows.FrameworkElement.MeasureCore(Size availableSize)
   at System.Windows.UIElement.Measure(Size availableSize)
   at System.Windows.Window.MeasureOverrideHelper(Size constraint)
   at System.Windows.Window.MeasureOverride(Size availableSize)
   at System.Windows.FrameworkElement.MeasureCore(Size availableSize)
   at System.Windows.UIElement.Measure(Size availableSize)
   at System.Windows.ContextLayoutManager.UpdateLayout()
   at System.Windows.ContextLayoutManager.UpdateLayoutCallback(Object arg)
   at System.Windows.Media.MediaContext.FireInvokeOnRenderCallbacks()
   at System.Windows.Media.MediaContext.RenderMessageHandlerCore(Object resizedCompositionTarget)
   at System.Windows.Media.MediaContext.RenderMessageHandler(Object resizedCompositionTarget)
   at System.Windows.Threading.ExceptionWrapper.InternalRealCall(Delegate callback, Object args, Int32 numArgs)
   at System.Windows.Threading.ExceptionWrapper.TryCatchWhen(Object source, Delegate callback, Object args, Int32 numArgs, Delegate catchHandler)

[2026-05-01 00:27:04] [Dispatcher]
System.Windows.Markup.XamlParseException: Provide value on 'System.Windows.Data.Binding' threw an exception.
 ---> System.InvalidOperationException: Two-way binding requires Path or XPath.
   at System.Windows.Data.BindingExpression.CreateBindingExpression(DependencyObject d, DependencyProperty dp, Binding binding, BindingExpressionBase parent)
   at System.Windows.Data.BindingBase.ProvideValue(IServiceProvider serviceProvider)
   at MS.Internal.Xaml.Runtime.ClrObjectRuntime.CallProvideValue(MarkupExtension me, IServiceProvider serviceProvider)
   --- End of inner exception stack trace ---
   at System.Windows.Markup.XamlReader.RewrapException(Exception e, IXamlLineInfo lineInfo, Uri baseUri)
   at System.Windows.Markup.XamlReader.RewrapException(Exception e, Uri baseUri)
   at System.Windows.FrameworkTemplate.LoadTemplateXaml(XamlReader templateReader, XamlObjectWriter currentWriter)
   at System.Windows.FrameworkTemplate.LoadOptimizedTemplateContent(DependencyObject container, IComponentConnector componentConnector, IStyleConnector styleConnector, List`1 affectedChildren, UncommonField`1 templatedNonFeChildrenField)
   at System.Windows.FrameworkTemplate.LoadContent(DependencyObject container, List`1 affectedChildren)
   at System.Windows.StyleHelper.ApplyTemplateContent(UncommonField`1 dataField, DependencyObject container, FrameworkElementFactory templateRoot, Int32 lastChildIndex, HybridDictionary childIndexFromChildID, FrameworkTemplate frameworkTemplate)
   at System.Windows.FrameworkTemplate.ApplyTemplateContent(UncommonField`1 templateDataField, FrameworkElement container)
   at System.Windows.FrameworkElement.ApplyTemplate()
   at System.Windows.FrameworkElement.MeasureCore(Size availableSize)
   at System.Windows.UIElement.Measure(Size availableSize)
   at System.Windows.Controls.StackPanel.StackMeasureHelper(IStackMeasure measureElement, IStackMeasureScrollData scrollData, Size constraint)
   at System.Windows.Controls.StackPanel.MeasureOverride(Size constraint)
   at System.Windows.FrameworkElement.MeasureCore(Size availableSize)
   at System.Windows.UIElement.Measure(Size availableSize)
   at MS.Internal.Helper.MeasureElementWithSingleChild(UIElement element, Size constraint)
   at System.Windows.FrameworkElement.MeasureCore(Size availableSize)
   at System.Windows.UIElement.Measure(Size availableSize)
   at MS.Internal.Helper.MeasureElementWithSingleChild(UIElement element, Size constraint)
   at System.Windows.Controls.ScrollContentPresenter.MeasureOverride(Size constraint)
   at System.Windows.FrameworkElement.MeasureCore(Size availableSize)
   at System.Windows.UIElement.Measure(Size availableSize)
   at System.Windows.Controls.Grid.MeasureCell(Int32 cell, Boolean forceInfinityV)
   at System.Windows.Controls.Grid.MeasureCellsGroup(Int32 cellsHead, Size referenceSize, Boolean ignoreDesiredSizeU, Boolean forceInfinityV, Boolean& hasDesiredSizeUChanged)
   at System.Windows.Controls.Grid.MeasureOverride(Size constraint)
   at System.Windows.FrameworkElement.MeasureCore(Size availableSize)
   at System.Windows.UIElement.Measure(Size availableSize)
   at System.Windows.Controls.ScrollViewer.MeasureOverride(Size constraint)
   at System.Windows.FrameworkElement.MeasureCore(Size availableSize)
   at System.Windows.UIElement.Measure(Size availableSize)
   at System.Windows.Controls.Border.MeasureOverride(Size constraint)
   at System.Windows.FrameworkElement.MeasureCore(Size availableSize)
   at System.Windows.UIElement.Measure(Size availableSize)
   at System.Windows.Controls.Control.MeasureOverride(Size constraint)
   at System.Windows.Controls.DataGrid.MeasureOverride(Size availableSize)
   at System.Windows.FrameworkElement.MeasureCore(Size availableSize)
   at System.Windows.UIElement.Measure(Size availableSize)
   at System.Windows.Controls.Grid.MeasureCell(Int32 cell, Boolean forceInfinityV)
   at System.Windows.Controls.Grid.MeasureCellsGroup(Int32 cellsHead, Size referenceSize, Boolean ignoreDesiredSizeU, Boolean forceInfinityV, Boolean& hasDesiredSizeUChanged)
   at System.Windows.Controls.Grid.MeasureOverride(Size constraint)
   at System.Windows.FrameworkElement.MeasureCore(Size availableSize)
   at System.Windows.UIElement.Measure(Size availableSize)
   at MS.Internal.Helper.MeasureElementWithSingleChild(UIElement element, Size constraint)
   at System.Windows.FrameworkElement.MeasureCore(Size availableSize)
   at System.Windows.UIElement.Measure(Size availableSize)
   at System.Windows.Controls.Border.MeasureOverride(Size constraint)
   at System.Windows.FrameworkElement.MeasureCore(Size availableSize)
   at System.Windows.UIElement.Measure(Size availableSize)
   at System.Windows.Controls.Control.MeasureOverride(Size constraint)
   at System.Windows.FrameworkElement.MeasureCore(Size availableSize)
   at System.Windows.UIElement.Measure(Size availableSize)
   at MS.Internal.Helper.MeasureElementWithSingleChild(UIElement element, Size constraint)
   at System.Windows.FrameworkElement.MeasureCore(Size availableSize)
   at System.Windows.UIElement.Measure(Size availableSize)
   at System.Windows.Controls.Border.MeasureOverride(Size constraint)
   at System.Windows.FrameworkElement.MeasureCore(Size availableSize)
   at System.Windows.UIElement.Measure(Size availableSize)
   at System.Windows.Controls.Grid.MeasureCell(Int32 cell, Boolean forceInfinityV)
   at System.Windows.Controls.Grid.MeasureCellsGroup(Int32 cellsHead, Size referenceSize, Boolean ignoreDesiredSizeU, Boolean forceInfinityV, Boolean& hasDesiredSizeUChanged)
   at System.Windows.Controls.Grid.MeasureOverride(Size constraint)
   at System.Windows.FrameworkElement.MeasureCore(Size availableSize)
   at System.Windows.UIElement.Measure(Size availableSize)
   at System.Windows.Controls.Control.MeasureOverride(Size constraint)
   at System.Windows.FrameworkElement.MeasureCore(Size availableSize)
   at System.Windows.UIElement.Measure(Size availableSize)
   at System.Windows.Controls.Grid.MeasureCell(Int32 cell, Boolean forceInfinityV)
   at System.Windows.Controls.Grid.MeasureCellsGroup(Int32 cellsHead, Size referenceSize, Boolean ignoreDesiredSizeU, Boolean forceInfinityV, Boolean& hasDesiredSizeUChanged)
   at System.Windows.Controls.Grid.MeasureOverride(Size constraint)
   at System.Windows.FrameworkElement.MeasureCore(Size availableSize)
   at System.Windows.UIElement.Measure(Size availableSize)
   at MS.Internal.Helper.MeasureElementWithSingleChild(UIElement element, Size constraint)
   at System.Windows.FrameworkElement.MeasureCore(Size availableSize)
   at System.Windows.UIElement.Measure(Size availableSize)
   at System.Windows.Controls.Decorator.MeasureOverride(Size constraint)
   at System.Windows.Documents.AdornerDecorator.MeasureOverride(Size constraint)
   at System.Windows.FrameworkElement.MeasureCore(Size availableSize)
   at System.Windows.UIElement.Measure(Size availableSize)
   at System.Windows.Controls.Border.MeasureOverride(Size constraint)
   at System.Windows.FrameworkElement.MeasureCore(Size availableSize)
   at System.Windows.UIElement.Measure(Size availableSize)
   at System.Windows.Window.MeasureOverrideHelper(Size constraint)
   at System.Windows.Window.MeasureOverride(Size availableSize)
   at System.Windows.FrameworkElement.MeasureCore(Size availableSize)
   at System.Windows.UIElement.Measure(Size availableSize)
   at System.Windows.ContextLayoutManager.UpdateLayout()
   at System.Windows.ContextLayoutManager.UpdateLayoutCallback(Object arg)
   at System.Windows.Media.MediaContext.FireInvokeOnRenderCallbacks()
   at System.Windows.Media.MediaContext.RenderMessageHandlerCore(Object resizedCompositionTarget)
   at System.Windows.Media.MediaContext.RenderMessageHandler(Object resizedCompositionTarget)
   at System.Windows.Threading.ExceptionWrapper.InternalRealCall(Delegate callback, Object args, Int32 numArgs)
   at System.Windows.Threading.ExceptionWrapper.TryCatchWhen(Object source, Delegate callback, Object args, Int32 numArgs, Delegate catchHandler)

[2026-05-01 00:27:04] [Dispatcher]
System.Windows.Markup.XamlParseException: Provide value on 'System.Windows.Data.Binding' threw an exception.
 ---> System.InvalidOperationException: Two-way binding requires Path or XPath.
   at System.Windows.Data.BindingExpression.CreateBindingExpression(DependencyObject d, DependencyProperty dp, Binding binding, BindingExpressionBase parent)
   at System.Windows.Data.BindingBase.ProvideValue(IServiceProvider serviceProvider)
   at MS.Internal.Xaml.Runtime.ClrObjectRuntime.CallProvideValue(MarkupExtension me, IServiceProvider serviceProvider)
   --- End of inner exception stack trace ---
   at System.Windows.Markup.XamlReader.RewrapException(Exception e, IXamlLineInfo lineInfo, Uri baseUri)
   at System.Windows.Markup.XamlReader.RewrapException(Exception e, Uri baseUri)
   at System.Windows.FrameworkTemplate.LoadTemplateXaml(XamlReader templateReader, XamlObjectWriter currentWriter)
   at System.Windows.FrameworkTemplate.LoadOptimizedTemplateContent(DependencyObject container, IComponentConnector componentConnector, IStyleConnector styleConnector, List`1 affectedChildren, UncommonField`1 templatedNonFeChildrenField)
   at System.Windows.FrameworkTemplate.LoadContent(DependencyObject container, List`1 affectedChildren)
   at System.Windows.StyleHelper.ApplyTemplateContent(UncommonField`1 dataField, DependencyObject container, FrameworkElementFactory templateRoot, Int32 lastChildIndex, HybridDictionary childIndexFromChildID, FrameworkTemplate frameworkTemplate)
   at System.Windows.FrameworkTemplate.ApplyTemplateContent(UncommonField`1 templateDataField, FrameworkElement container)
   at System.Windows.FrameworkElement.ApplyTemplate()
   at System.Windows.FrameworkElement.MeasureCore(Size availableSize)
   at System.Windows.UIElement.Measure(Size availableSize)
   at System.Windows.Controls.StackPanel.StackMeasureHelper(IStackMeasure measureElement, IStackMeasureScrollData scrollData, Size constraint)
   at System.Windows.Controls.StackPanel.MeasureOverride(Size constraint)
   at System.Windows.FrameworkElement.MeasureCore(Size availableSize)
   at System.Windows.UIElement.Measure(Size availableSize)
   at MS.Internal.Helper.MeasureElementWithSingleChild(UIElement element, Size constraint)
   at System.Windows.FrameworkElement.MeasureCore(Size availableSize)
   at System.Windows.UIElement.Measure(Size availableSize)
   at MS.Internal.Helper.MeasureElementWithSingleChild(UIElement element, Size constraint)
   at System.Windows.Controls.ScrollContentPresenter.MeasureOverride(Size constraint)
   at System.Windows.FrameworkElement.MeasureCore(Size availableSize)
   at System.Windows.UIElement.Measure(Size availableSize)
   at System.Windows.Controls.Grid.MeasureCell(Int32 cell, Boolean forceInfinityV)
   at System.Windows.Controls.Grid.MeasureCellsGroup(Int32 cellsHead, Size referenceSize, Boolean ignoreDesiredSizeU, Boolean forceInfinityV, Boolean& hasDesiredSizeUChanged)
   at System.Windows.Controls.Grid.MeasureOverride(Size constraint)
   at System.Windows.FrameworkElement.MeasureCore(Size availableSize)
   at System.Windows.UIElement.Measure(Size availableSize)
   at System.Windows.Controls.ScrollViewer.MeasureOverride(Size constraint)
   at System.Windows.FrameworkElement.MeasureCore(Size availableSize)
   at System.Windows.UIElement.Measure(Size availableSize)
   at System.Windows.Controls.Border.MeasureOverride(Size constraint)
   at System.Windows.FrameworkElement.MeasureCore(Size availableSize)
   at System.Windows.UIElement.Measure(Size availableSize)
   at System.Windows.Controls.Control.MeasureOverride(Size constraint)
   at System.Windows.Controls.DataGrid.MeasureOverride(Size availableSize)
   at System.Windows.FrameworkElement.MeasureCore(Size availableSize)
   at System.Windows.UIElement.Measure(Size availableSize)
   at System.Windows.Controls.Grid.MeasureCell(Int32 cell, Boolean forceInfinityV)
   at System.Windows.Controls.Grid.MeasureCellsGroup(Int32 cellsHead, Size referenceSize, Boolean ignoreDesiredSizeU, Boolean forceInfinityV, Boolean& hasDesiredSizeUChanged)
   at System.Windows.Controls.Grid.MeasureOverride(Size constraint)
   at System.Windows.FrameworkElement.MeasureCore(Size availableSize)
   at System.Windows.UIElement.Measure(Size availableSize)
   at MS.Internal.Helper.MeasureElementWithSingleChild(UIElement element, Size constraint)
   at System.Windows.FrameworkElement.MeasureCore(Size availableSize)
   at System.Windows.UIElement.Measure(Size availableSize)
   at System.Windows.Controls.Border.MeasureOverride(Size constraint)
   at System.Windows.FrameworkElement.MeasureCore(Size availableSize)
   at System.Windows.UIElement.Measure(Size availableSize)
   at System.Windows.Controls.Control.MeasureOverride(Size constraint)
   at System.Windows.FrameworkElement.MeasureCore(Size availableSize)
   at System.Windows.UIElement.Measure(Size availableSize)
   at MS.Internal.Helper.MeasureElementWithSingleChild(UIElement element, Size constraint)
   at System.Windows.FrameworkElement.MeasureCore(Size availableSize)
   at System.Windows.UIElement.Measure(Size availableSize)
   at System.Windows.Controls.Border.MeasureOverride(Size constraint)
   at System.Windows.FrameworkElement.MeasureCore(Size availableSize)
   at System.Windows.UIElement.Measure(Size availableSize)
   at System.Windows.Controls.Grid.MeasureCell(Int32 cell, Boolean forceInfinityV)
   at System.Windows.Controls.Grid.MeasureCellsGroup(Int32 cellsHead, Size referenceSize, Boolean ignoreDesiredSizeU, Boolean forceInfinityV, Boolean& hasDesiredSizeUChanged)
   at System.Windows.Controls.Grid.MeasureOverride(Size constraint)
   at System.Windows.FrameworkElement.MeasureCore(Size availableSize)
   at System.Windows.UIElement.Measure(Size availableSize)
   at System.Windows.Controls.Control.MeasureOverride(Size constraint)
   at System.Windows.FrameworkElement.MeasureCore(Size availableSize)
   at System.Windows.UIElement.Measure(Size availableSize)
   at System.Windows.Controls.Grid.MeasureCell(Int32 cell, Boolean forceInfinityV)
   at System.Windows.Controls.Grid.MeasureCellsGroup(Int32 cellsHead, Size referenceSize, Boolean ignoreDesiredSizeU, Boolean forceInfinityV, Boolean& hasDesiredSizeUChanged)
   at System.Windows.Controls.Grid.MeasureOverride(Size constraint)
   at System.Windows.FrameworkElement.MeasureCore(Size availableSize)
   at System.Windows.UIElement.Measure(Size availableSize)
   at MS.Internal.Helper.MeasureElementWithSingleChild(UIElement element, Size constraint)
   at System.Windows.FrameworkElement.MeasureCore(Size availableSize)
   at System.Windows.UIElement.Measure(Size availableSize)
   at System.Windows.Controls.Decorator.MeasureOverride(Size constraint)
   at System.Windows.Documents.AdornerDecorator.MeasureOverride(Size constraint)
   at System.Windows.FrameworkElement.MeasureCore(Size availableSize)
   at System.Windows.UIElement.Measure(Size availableSize)
   at System.Windows.Controls.Border.MeasureOverride(Size constraint)
   at System.Windows.FrameworkElement.MeasureCore(Size availableSize)
   at System.Windows.UIElement.Measure(Size availableSize)
   at System.Windows.Window.MeasureOverrideHelper(Size constraint)
   at System.Windows.Window.MeasureOverride(Size availableSize)
   at System.Windows.FrameworkElement.MeasureCore(Size availableSize)
   at System.Windows.UIElement.Measure(Size availableSize)
   at System.Windows.ContextLayoutManager.UpdateLayout()
   at System.Windows.ContextLayoutManager.UpdateLayoutCallback(Object arg)
   at System.Windows.Media.MediaContext.FireInvokeOnRenderCallbacks()
   at System.Windows.Media.MediaContext.RenderMessageHandlerCore(Object resizedCompositionTarget)
   at System.Windows.Media.MediaContext.RenderMessageHandler(Object resizedCompositionTarget)
   at System.Windows.Threading.ExceptionWrapper.InternalRealCall(Delegate callback, Object args, Int32 numArgs)
   at System.Windows.Threading.ExceptionWrapper.TryCatchWhen(Object source, Delegate callback, Object args, Int32 numArgs, Delegate catchHandler)

[2026-05-01 00:27:04] [Dispatcher]
System.Windows.Markup.XamlParseException: Provide value on 'System.Windows.Data.Binding' threw an exception.
 ---> System.InvalidOperationException: Two-way binding requires Path or XPath.
   at System.Windows.Data.BindingExpression.CreateBindingExpression(DependencyObject d, DependencyProperty dp, Binding binding, BindingExpressionBase parent)
   at System.Windows.Data.BindingBase.ProvideValue(IServiceProvider serviceProvider)
   at MS.Internal.Xaml.Runtime.ClrObjectRuntime.CallProvideValue(MarkupExtension me, IServiceProvider serviceProvider)
   --- End of inner exception stack trace ---
   at System.Windows.Markup.XamlReader.RewrapException(Exception e, IXamlLineInfo lineInfo, Uri baseUri)
   at System.Windows.Markup.XamlReader.RewrapException(Exception e, Uri baseUri)
   at System.Windows.FrameworkTemplate.LoadTemplateXaml(XamlReader templateReader, XamlObjectWriter currentWriter)
   at System.Windows.FrameworkTemplate.LoadOptimizedTemplateContent(DependencyObject container, IComponentConnector componentConnector, IStyleConnector styleConnector, List`1 affectedChildren, UncommonField`1 templatedNonFeChildrenField)
   at System.Windows.FrameworkTemplate.LoadContent(DependencyObject container, List`1 affectedChildren)
   at System.Windows.StyleHelper.ApplyTemplateContent(UncommonField`1 dataField, DependencyObject container, FrameworkElementFactory templateRoot, Int32 lastChildIndex, HybridDictionary childIndexFromChildID, FrameworkTemplate frameworkTemplate)
   at System.Windows.FrameworkTemplate.ApplyTemplateContent(UncommonField`1 templateDataField, FrameworkElement container)
   at System.Windows.FrameworkElement.ApplyTemplate()
   at System.Windows.FrameworkElement.MeasureCore(Size availableSize)
   at System.Windows.UIElement.Measure(Size availableSize)
   at System.Windows.Controls.StackPanel.StackMeasureHelper(IStackMeasure measureElement, IStackMeasureScrollData scrollData, Size constraint)
   at System.Windows.Controls.StackPanel.MeasureOverride(Size constraint)
   at System.Windows.FrameworkElement.MeasureCore(Size availableSize)
   at System.Windows.UIElement.Measure(Size availableSize)
   at MS.Internal.Helper.MeasureElementWithSingleChild(UIElement element, Size constraint)
   at System.Windows.FrameworkElement.MeasureCore(Size availableSize)
   at System.Windows.UIElement.Measure(Size availableSize)
   at MS.Internal.Helper.MeasureElementWithSingleChild(UIElement element, Size constraint)
   at System.Windows.Controls.ScrollContentPresenter.MeasureOverride(Size constraint)
   at System.Windows.FrameworkElement.MeasureCore(Size availableSize)
   at System.Windows.UIElement.Measure(Size availableSize)
   at System.Windows.Controls.Grid.MeasureCell(Int32 cell, Boolean forceInfinityV)
   at System.Windows.Controls.Grid.MeasureCellsGroup(Int32 cellsHead, Size referenceSize, Boolean ignoreDesiredSizeU, Boolean forceInfinityV, Boolean& hasDesiredSizeUChanged)
   at System.Windows.Controls.Grid.MeasureOverride(Size constraint)
   at System.Windows.FrameworkElement.MeasureCore(Size availableSize)
   at System.Windows.UIElement.Measure(Size availableSize)
   at System.Windows.Controls.ScrollViewer.MeasureOverride(Size constraint)
   at System.Windows.FrameworkElement.MeasureCore(Size availableSize)
   at System.Windows.UIElement.Measure(Size availableSize)
   at System.Windows.Controls.Border.MeasureOverride(Size constraint)
   at System.Windows.FrameworkElement.MeasureCore(Size availableSize)
   at System.Windows.UIElement.Measure(Size availableSize)
   at System.Windows.Controls.Control.MeasureOverride(Size constraint)
   at System.Windows.Controls.DataGrid.MeasureOverride(Size availableSize)
   at System.Windows.FrameworkElement.MeasureCore(Size availableSize)
   at System.Windows.UIElement.Measure(Size availableSize)
   at System.Windows.Controls.Grid.MeasureCell(Int32 cell, Boolean forceInfinityV)
   at System.Windows.Controls.Grid.MeasureCellsGroup(Int32 cellsHead, Size referenceSize, Boolean ignoreDesiredSizeU, Boolean forceInfinityV, Boolean& hasDesiredSizeUChanged)
   at System.Windows.Controls.Grid.MeasureOverride(Size constraint)
   at System.Windows.FrameworkElement.MeasureCore(Size availableSize)
   at System.Windows.UIElement.Measure(Size availableSize)
   at MS.Internal.Helper.MeasureElementWithSingleChild(UIElement element, Size constraint)
   at System.Windows.FrameworkElement.MeasureCore(Size availableSize)
   at System.Windows.UIElement.Measure(Size availableSize)
   at System.Windows.Controls.Border.MeasureOverride(Size constraint)
   at System.Windows.FrameworkElement.MeasureCore(Size availableSize)
   at System.Windows.UIElement.Measure(Size availableSize)
   at System.Windows.Controls.Control.MeasureOverride(Size constraint)
   at System.Windows.FrameworkElement.MeasureCore(Size availableSize)
   at System.Windows.UIElement.Measure(Size availableSize)
   at MS.Internal.Helper.MeasureElementWithSingleChild(UIElement element, Size constraint)
   at System.Windows.FrameworkElement.MeasureCore(Size availableSize)
   at System.Windows.UIElement.Measure(Size availableSize)
   at System.Windows.Controls.Border.MeasureOverride(Size constraint)
   at System.Windows.FrameworkElement.MeasureCore(Size availableSize)
   at System.Windows.UIElement.Measure(Size availableSize)
   at System.Windows.Controls.Grid.MeasureCell(Int32 cell, Boolean forceInfinityV)
   at System.Windows.Controls.Grid.MeasureCellsGroup(Int32 cellsHead, Size referenceSize, Boolean ignoreDesiredSizeU, Boolean forceInfinityV, Boolean& hasDesiredSizeUChanged)
   at System.Windows.Controls.Grid.MeasureOverride(Size constraint)
   at System.Windows.FrameworkElement.MeasureCore(Size availableSize)
   at System.Windows.UIElement.Measure(Size availableSize)
   at System.Windows.Controls.Control.MeasureOverride(Size constraint)
   at System.Windows.FrameworkElement.MeasureCore(Size availableSize)
   at System.Windows.UIElement.Measure(Size availableSize)
   at System.Windows.Controls.Grid.MeasureCell(Int32 cell, Boolean forceInfinityV)
   at System.Windows.Controls.Grid.MeasureCellsGroup(Int32 cellsHead, Size referenceSize, Boolean ignoreDesiredSizeU, Boolean forceInfinityV, Boolean& hasDesiredSizeUChanged)
   at System.Windows.Controls.Grid.MeasureOverride(Size constraint)
   at System.Windows.FrameworkElement.MeasureCore(Size availableSize)
   at System.Windows.UIElement.Measure(Size availableSize)
   at MS.Internal.Helper.MeasureElementWithSingleChild(UIElement element, Size constraint)
   at System.Windows.FrameworkElement.MeasureCore(Size availableSize)
   at System.Windows.UIElement.Measure(Size availableSize)
   at System.Windows.Controls.Decorator.MeasureOverride(Size constraint)
   at System.Windows.Documents.AdornerDecorator.MeasureOverride(Size constraint)
   at System.Windows.FrameworkElement.MeasureCore(Size availableSize)
   at System.Windows.UIElement.Measure(Size availableSize)
   at System.Windows.Controls.Border.MeasureOverride(Size constraint)
   at System.Windows.FrameworkElement.MeasureCore(Size availableSize)
   at System.Windows.UIElement.Measure(Size availableSize)
   at System.Windows.Window.MeasureOverrideHelper(Size constraint)
   at System.Windows.Window.MeasureOverride(Size availableSize)
   at System.Windows.FrameworkElement.MeasureCore(Size availableSize)
   at System.Windows.UIElement.Measure(Size availableSize)
   at System.Windows.ContextLayoutManager.UpdateLayout()
   at System.Windows.ContextLayoutManager.UpdateLayoutCallback(Object arg)
   at System.Windows.Media.MediaContext.FireInvokeOnRenderCallbacks()
   at System.Windows.Media.MediaContext.RenderMessageHandlerCore(Object resizedCompositionTarget)
   at System.Windows.Media.MediaContext.RenderMessageHandler(Object resizedCompositionTarget)
   at System.Windows.Threading.ExceptionWrapper.InternalRealCall(Delegate callback, Object args, Int32 numArgs)
   at System.Windows.Threading.ExceptionWrapper.TryCatchWhen(Object source, Delegate callback, Object args, Int32 numArgs, Delegate catchHandler)

[2026-05-01 00:27:04] [Dispatcher]
System.Windows.Markup.XamlParseException: Provide value on 'System.Windows.Data.Binding' threw an exception.
 ---> System.InvalidOperationException: Two-way binding requires Path or XPath.
   at System.Windows.Data.BindingExpression.CreateBindingExpression(DependencyObject d, DependencyProperty dp, Binding binding, BindingExpressionBase parent)
   at System.Windows.Data.BindingBase.ProvideValue(IServiceProvider serviceProvider)
   at MS.Internal.Xaml.Runtime.ClrObjectRuntime.CallProvideValue(MarkupExtension me, IServiceProvider serviceProvider)
   --- End of inner exception stack trace ---
   at System.Windows.Markup.XamlReader.RewrapException(Exception e, IXamlLineInfo lineInfo, Uri baseUri)
   at System.Windows.Markup.XamlReader.RewrapException(Exception e, Uri baseUri)
   at System.Windows.FrameworkTemplate.LoadTemplateXaml(XamlReader templateReader, XamlObjectWriter currentWriter)
   at System.Windows.FrameworkTemplate.LoadOptimizedTemplateContent(DependencyObject container, IComponentConnector componentConnector, IStyleConnector styleConnector, List`1 affectedChildren, UncommonField`1 templatedNonFeChildrenField)
   at System.Windows.FrameworkTemplate.LoadContent(DependencyObject container, List`1 affectedChildren)
   at System.Windows.StyleHelper.ApplyTemplateContent(UncommonField`1 dataField, DependencyObject container, FrameworkElementFactory templateRoot, Int32 lastChildIndex, HybridDictionary childIndexFromChildID, FrameworkTemplate frameworkTemplate)
   at System.Windows.FrameworkTemplate.ApplyTemplateContent(UncommonField`1 templateDataField, FrameworkElement container)
   at System.Windows.FrameworkElement.ApplyTemplate()
   at System.Windows.FrameworkElement.MeasureCore(Size availableSize)
   at System.Windows.UIElement.Measure(Size availableSize)
   at System.Windows.Controls.StackPanel.StackMeasureHelper(IStackMeasure measureElement, IStackMeasureScrollData scrollData, Size constraint)
   at System.Windows.Controls.StackPanel.MeasureOverride(Size constraint)
   at System.Windows.FrameworkElement.MeasureCore(Size availableSize)
   at System.Windows.UIElement.Measure(Size availableSize)
   at MS.Internal.Helper.MeasureElementWithSingleChild(UIElement element, Size constraint)
   at System.Windows.FrameworkElement.MeasureCore(Size availableSize)
   at System.Windows.UIElement.Measure(Size availableSize)
   at MS.Internal.Helper.MeasureElementWithSingleChild(UIElement element, Size constraint)
   at System.Windows.Controls.ScrollContentPresenter.MeasureOverride(Size constraint)
   at System.Windows.FrameworkElement.MeasureCore(Size availableSize)
   at System.Windows.UIElement.Measure(Size availableSize)
   at System.Windows.Controls.Grid.MeasureCell(Int32 cell, Boolean forceInfinityV)
   at System.Windows.Controls.Grid.MeasureCellsGroup(Int32 cellsHead, Size referenceSize, Boolean ignoreDesiredSizeU, Boolean forceInfinityV, Boolean& hasDesiredSizeUChanged)
   at System.Windows.Controls.Grid.MeasureOverride(Size constraint)
   at System.Windows.FrameworkElement.MeasureCore(Size availableSize)
   at System.Windows.UIElement.Measure(Size availableSize)
   at System.Windows.Controls.ScrollViewer.MeasureOverride(Size constraint)
   at System.Windows.FrameworkElement.MeasureCore(Size availableSize)
   at System.Windows.UIElement.Measure(Size availableSize)
   at System.Windows.Controls.Border.MeasureOverride(Size constraint)
   at System.Windows.FrameworkElement.MeasureCore(Size availableSize)
   at System.Windows.UIElement.Measure(Size availableSize)
   at System.Windows.Controls.Control.MeasureOverride(Size constraint)
   at System.Windows.Controls.DataGrid.MeasureOverride(Size availableSize)
   at System.Windows.FrameworkElement.MeasureCore(Size availableSize)
   at System.Windows.UIElement.Measure(Size availableSize)
   at System.Windows.Controls.Grid.MeasureCell(Int32 cell, Boolean forceInfinityV)
   at System.Windows.Controls.Grid.MeasureCellsGroup(Int32 cellsHead, Size referenceSize, Boolean ignoreDesiredSizeU, Boolean forceInfinityV, Boolean& hasDesiredSizeUChanged)
   at System.Windows.Controls.Grid.MeasureOverride(Size constraint)
   at System.Windows.FrameworkElement.MeasureCore(Size availableSize)
   at System.Windows.UIElement.Measure(Size availableSize)
   at MS.Internal.Helper.MeasureElementWithSingleChild(UIElement element, Size constraint)
   at System.Windows.FrameworkElement.MeasureCore(Size availableSize)
   at System.Windows.UIElement.Measure(Size availableSize)
   at System.Windows.Controls.Border.MeasureOverride(Size constraint)
   at System.Windows.FrameworkElement.MeasureCore(Size availableSize)
   at System.Windows.UIElement.Measure(Size availableSize)
   at System.Windows.Controls.Control.MeasureOverride(Size constraint)
   at System.Windows.FrameworkElement.MeasureCore(Size availableSize)
   at System.Windows.UIElement.Measure(Size availableSize)
   at MS.Internal.Helper.MeasureElementWithSingleChild(UIElement element, Size constraint)
   at System.Windows.FrameworkElement.MeasureCore(Size availableSize)
   at System.Windows.UIElement.Measure(Size availableSize)
   at System.Windows.Controls.Border.MeasureOverride(Size constraint)
   at System.Windows.FrameworkElement.MeasureCore(Size availableSize)
   at System.Windows.UIElement.Measure(Size availableSize)
   at System.Windows.Controls.Grid.MeasureCell(Int32 cell, Boolean forceInfinityV)
   at System.Windows.Controls.Grid.MeasureCellsGroup(Int32 cellsHead, Size referenceSize, Boolean ignoreDesiredSizeU, Boolean forceInfinityV, Boolean& hasDesiredSizeUChanged)
   at System.Windows.Controls.Grid.MeasureOverride(Size constraint)
   at System.Windows.FrameworkElement.MeasureCore(Size availableSize)
   at System.Windows.UIElement.Measure(Size availableSize)
   at System.Windows.Controls.Control.MeasureOverride(Size constraint)
   at System.Windows.FrameworkElement.MeasureCore(Size availableSize)
   at System.Windows.UIElement.Measure(Size availableSize)
   at System.Windows.Controls.Grid.MeasureCell(Int32 cell, Boolean forceInfinityV)
   at System.Windows.Controls.Grid.MeasureCellsGroup(Int32 cellsHead, Size referenceSize, Boolean ignoreDesiredSizeU, Boolean forceInfinityV, Boolean& hasDesiredSizeUChanged)
   at System.Windows.Controls.Grid.MeasureOverride(Size constraint)
   at System.Windows.FrameworkElement.MeasureCore(Size availableSize)
   at System.Windows.UIElement.Measure(Size availableSize)
   at MS.Internal.Helper.MeasureElementWithSingleChild(UIElement element, Size constraint)
   at System.Windows.FrameworkElement.MeasureCore(Size availableSize)
   at System.Windows.UIElement.Measure(Size availableSize)
   at System.Windows.Controls.Decorator.MeasureOverride(Size constraint)
   at System.Windows.Documents.AdornerDecorator.MeasureOverride(Size constraint)
   at System.Windows.FrameworkElement.MeasureCore(Size availableSize)
   at System.Windows.UIElement.Measure(Size availableSize)
   at System.Windows.Controls.Border.MeasureOverride(Size constraint)
   at System.Windows.FrameworkElement.MeasureCore(Size availableSize)
   at System.Windows.UIElement.Measure(Size availableSize)
   at System.Windows.Window.MeasureOverrideHelper(Size constraint)
   at System.Windows.Window.MeasureOverride(Size availableSize)
   at System.Windows.FrameworkElement.MeasureCore(Size availableSize)
   at System.Windows.UIElement.Measure(Size availableSize)
   at System.Windows.ContextLayoutManager.UpdateLayout()
   at System.Windows.ContextLayoutManager.UpdateLayoutCallback(Object arg)
   at System.Windows.Media.MediaContext.FireInvokeOnRenderCallbacks()
   at System.Windows.Media.MediaContext.RenderMessageHandlerCore(Object resizedCompositionTarget)
   at System.Windows.Media.MediaContext.RenderMessageHandler(Object resizedCompositionTarget)
   at System.Windows.Threading.ExceptionWrapper.InternalRealCall(Delegate callback, Object args, Int32 numArgs)
   at System.Windows.Threading.ExceptionWrapper.TryCatchWhen(Object source, Delegate callback, Object args, Int32 numArgs, Delegate catchHandler)
